datetime,value
2022-02-01 00:00:00,4.0
2022-02-01 00:00:01,4.0
2022-02-01 00:00:02,4.0
2022-02-01 00:00:03,4.0
2022-02-01 00:00:04,4.0
2022-02-01 00:00:05,4.0
2022-02-01 00:00:06,4.0
2022-02-01 00:00:07,4.0
2022-02-01 00:00:08,4.0
2022-02-01 00:00:09,4.0
2022-02-01 00:00:10,4.0
2022-02-01 00:00:11,4.0
2022-02-01 00:00:12,4.0
2022-02-01 00:00:13,4.0
2022-02-01 00:00:14,4.0
2022-02-01 00:00:15,4.0
2022-02-01 00:00:16,4.0
2022-02-01 00:00:17,4.0
2022-02-01 00:00:18,4.0
2022-02-01 00:00:19,4.0
2022-02-01 00:00:20,4.0
2022-02-01 00:00:21,4.0
2022-02-01 00:00:22,4.0
2022-02-01 00:00:23,4.0
2022-02-01 00:00:24,4.0
2022-02-01 00:00:25,4.0
2022-02-01 00:00:26,4.0
2022-02-01 00:00:27,4.0
2022-02-01 00:00:28,4.0
2022-02-01 00:00:29,4.0
2022-02-01 00:00:30,4.0
2022-02-01 00:00:31,3.0
2022-02-01 00:00:32,3.0
2022-02-01 00:00:33,3.0
2022-02-01 00:00:34,3.0
2022-02-01 00:00:35,3.0
2022-02-01 00:00:36,3.0
2022-02-01 00:00:37,3.0
2022-02-01 00:00:38,3.0
2022-02-01 00:00:39,3.0
2022-02-01 00:00:40,3.0
2022-02-01 00:00:41,3.0
2022-02-01 00:00:42,3.0
2022-02-01 00:00:43,3.0
2022-02-01 00:00:44,3.0
2022-02-01 00:00:45,3.0
2022-02-01 00:00:46,3.0
2022-02-01 00:00:47,3.0
2022-02-01 00:00:48,3.0
2022-02-01 00:00:49,3.0
2022-02-01 00:00:50,3.0
2022-02-01 00:00:51,3.0
2022-02-01 00:00:52,3.0
2022-02-01 00:00:53,3.0
2022-02-01 00:00:54,3.0
2022-02-01 00:00:55,5.0
2022-02-01 00:00:56,5.0
2022-02-01 00:00:57,5.0
2022-02-01 00:00:58,5.0
2022-02-01 00:00:59,5.0
2022-02-01 00:01:00,5.0
2022-02-01 00:01:01,5.0
2022-02-01 00:01:02,5.0
2022-02-01 00:01:03,5.0
2022-02-01 00:01:04,5.0
2022-02-01 00:01:05,5.0
2022-02-01 00:01:06,5.0
2022-02-01 00:01:07,5.0
2022-02-01 00:01:08,5.0
2022-02-01 00:01:09,5.0
2022-02-01 00:01:10,5.0
2022-02-01 00:01:11,5.0
2022-02-01 00:01:12,5.0
2022-02-01 00:01:13,5.0
2022-02-01 00:01:14,5.0
2022-02-01 00:01:15,5.0
2022-02-01 00:01:16,5.0
2022-02-01 00:01:17,5.0
2022-02-01 00:01:18,5.0
2022-02-01 00:01:19,0.0
2022-02-01 00:01:20,0.0
2022-02-01 00:01:21,0.0
2022-02-01 00:01:22,0.0
2022-02-01 00:01:23,0.0
2022-02-01 00:01:24,0.0
2022-02-01 00:01:25,0.0
2022-02-01 00:01:26,0.0
2022-02-01 00:01:27,0.0
2022-02-01 00:01:28,0.0
2022-02-01 00:01:29,0.0
2022-02-01 00:01:30,0.0
2022-02-01 00:01:31,0.0
2022-02-01 00:01:32,0.0
2022-02-01 00:01:33,0.0
2022-02-01 00:01:34,0.0
2022-02-01 00:01:35,0.0
2022-02-01 00:01:36,0.0
2022-02-01 00:01:37,0.0
2022-02-01 00:01:38,0.0
2022-02-01 00:01:39,0.0
2022-02-01 00:01:40,0.0
2022-02-01 00:01:41,0.0
2022-02-01 00:01:42,0.0
2022-02-01 00:01:43,0.0
2022-02-01 00:01:44,0.0
2022-02-01 00:01:45,0.0
2022-02-01 00:01:46,0.0
2022-02-01 00:01:47,0.0
2022-02-01 00:01:48,0.0
2022-02-01 00:01:49,2.0
2022-02-01 00:01:50,2.0
2022-02-01 00:01:51,2.0
2022-02-01 00:01:52,2.0
2022-02-01 00:01:53,2.0
2022-02-01 00:01:54,2.0
2022-02-01 00:01:55,2.0
2022-02-01 00:01:56,2.0
2022-02-01 00:01:57,2.0
2022-02-01 00:01:58,2.0
2022-02-01 00:01:59,2.0
2022-02-01 00:02:00,2.0
2022-02-01 00:02:01,2.0
2022-02-01 00:02:02,2.0
2022-02-01 00:02:03,2.0
2022-02-01 00:02:04,2.0
2022-02-01 00:02:05,2.0
2022-02-01 00:02:06,2.0
2022-02-01 00:02:07,2.0
2022-02-01 00:02:08,2.0
2022-02-01 00:02:09,2.0
2022-02-01 00:02:10,2.0
2022-02-01 00:02:11,2.0
2022-02-01 00:02:12,2.0
2022-02-01 00:02:13,1.0
2022-02-01 00:02:14,1.0
2022-02-01 00:02:15,1.0
2022-02-01 00:02:16,1.0
2022-02-01 00:02:17,1.0
2022-02-01 00:02:18,1.0
2022-02-01 00:02:19,1.0
2022-02-01 00:02:20,1.0
2022-02-01 00:02:21,1.0
2022-02-01 00:02:22,1.0
2022-02-01 00:02:23,1.0
2022-02-01 00:02:24,1.0
2022-02-01 00:02:25,1.0
2022-02-01 00:02:26,1.0
2022-02-01 00:02:27,1.0
2022-02-01 00:02:28,1.0
2022-02-01 00:02:29,1.0
2022-02-01 00:02:30,1.0
2022-02-01 00:02:31,1.0
2022-02-01 00:02:32,1.0
2022-02-01 00:02:33,1.0
2022-02-01 00:02:34,1.0
2022-02-01 00:02:35,1.0
2022-02-01 00:02:36,1.0
2022-02-01 00:02:37,1.0
2022-02-01 00:02:38,4.0
2022-02-01 00:02:39,4.0
2022-02-01 00:02:40,4.0
2022-02-01 00:02:41,4.0
2022-02-01 00:02:42,4.0
2022-02-01 00:02:43,4.0
2022-02-01 00:02:44,4.0
2022-02-01 00:02:45,4.0
2022-02-01 00:02:46,4.0
2022-02-01 00:02:47,4.0
2022-02-01 00:02:48,4.0
2022-02-01 00:02:49,4.0
2022-02-01 00:02:50,4.0
2022-02-01 00:02:51,4.0
2022-02-01 00:02:52,4.0
2022-02-01 00:02:53,4.0
2022-02-01 00:02:54,4.0
2022-02-01 00:02:55,4.0
2022-02-01 00:02:56,4.0
2022-02-01 00:02:57,4.0
2022-02-01 00:02:58,4.0
2022-02-01 00:02:59,4.0
2022-02-01 00:03:00,4.0
2022-02-01 00:03:01,3.0
2022-02-01 00:03:02,3.0
2022-02-01 00:03:03,3.0
2022-02-01 00:03:04,3.0
2022-02-01 00:03:05,3.0
2022-02-01 00:03:06,3.0
2022-02-01 00:03:07,3.0
2022-02-01 00:03:08,3.0
2022-02-01 00:03:09,3.0
2022-02-01 00:03:10,3.0
2022-02-01 00:03:11,3.0
2022-02-01 00:03:12,3.0
2022-02-01 00:03:13,3.0
2022-02-01 00:03:14,3.0
2022-02-01 00:03:15,3.0
2022-02-01 00:03:16,3.0
2022-02-01 00:03:17,3.0
2022-02-01 00:03:18,3.0
2022-02-01 00:03:19,3.0
2022-02-01 00:03:20,3.0
2022-02-01 00:03:21,3.0
2022-02-01 00:03:22,3.0
2022-02-01 00:03:23,5.0
2022-02-01 00:03:24,5.0
2022-02-01 00:03:25,5.0
2022-02-01 00:03:26,5.0
2022-02-01 00:03:27,5.0
2022-02-01 00:03:28,5.0
2022-02-01 00:03:29,5.0
2022-02-01 00:03:30,5.0
2022-02-01 00:03:31,5.0
2022-02-01 00:03:32,5.0
2022-02-01 00:03:33,5.0
2022-02-01 00:03:34,5.0
2022-02-01 00:03:35,5.0
2022-02-01 00:03:36,5.0
2022-02-01 00:03:37,5.0
2022-02-01 00:03:38,5.0
2022-02-01 00:03:39,5.0
2022-02-01 00:03:40,5.0
2022-02-01 00:03:41,5.0
2022-02-01 00:03:42,5.0
2022-02-01 00:03:43,5.0
2022-02-01 00:03:44,5.0
2022-02-01 00:03:45,5.0
2022-02-01 00:03:46,5.0
2022-02-01 00:03:47,0.0
2022-02-01 00:03:48,0.0
2022-02-01 00:03:49,0.0
2022-02-01 00:03:50,0.0
2022-02-01 00:03:51,0.0
2022-02-01 00:03:52,0.0
2022-02-01 00:03:53,0.0
2022-02-01 00:03:54,0.0
2022-02-01 00:03:55,0.0
2022-02-01 00:03:56,0.0
2022-02-01 00:03:57,0.0
2022-02-01 00:03:58,0.0
2022-02-01 00:03:59,0.0
2022-02-01 00:04:00,0.0
2022-02-01 00:04:01,0.0
2022-02-01 00:04:02,0.0
2022-02-01 00:04:03,0.0
2022-02-01 00:04:04,0.0
2022-02-01 00:04:05,0.0
2022-02-01 00:04:06,0.0
2022-02-01 00:04:07,0.0
2022-02-01 00:04:08,0.0
2022-02-01 00:04:09,0.0
2022-02-01 00:04:10,0.0
2022-02-01 00:04:11,0.0
2022-02-01 00:04:12,0.0
2022-02-01 00:04:13,0.0
2022-02-01 00:04:14,0.0
2022-02-01 00:04:15,0.0
2022-02-01 00:04:16,2.0
2022-02-01 00:04:17,2.0
2022-02-01 00:04:18,2.0
2022-02-01 00:04:19,2.0
2022-02-01 00:04:20,2.0
2022-02-01 00:04:21,2.0
2022-02-01 00:04:22,2.0
2022-02-01 00:04:23,2.0
2022-02-01 00:04:24,2.0
2022-02-01 00:04:25,2.0
2022-02-01 00:04:26,2.0
2022-02-01 00:04:27,2.0
2022-02-01 00:04:28,2.0
2022-02-01 00:04:29,2.0
2022-02-01 00:04:30,2.0
2022-02-01 00:04:31,2.0
2022-02-01 00:04:32,2.0
2022-02-01 00:04:33,2.0
2022-02-01 00:04:34,2.0
2022-02-01 00:04:35,2.0
2022-02-01 00:04:36,2.0
2022-02-01 00:04:37,2.0
2022-02-01 00:04:38,2.0
2022-02-01 00:04:39,1.0
2022-02-01 00:04:40,1.0
2022-02-01 00:04:41,1.0
2022-02-01 00:04:42,1.0
2022-02-01 00:04:43,1.0
2022-02-01 00:04:44,1.0
2022-02-01 00:04:45,1.0
2022-02-01 00:04:46,1.0
2022-02-01 00:04:47,1.0
2022-02-01 00:04:48,1.0
2022-02-01 00:04:49,1.0
2022-02-01 00:04:50,1.0
2022-02-01 00:04:51,1.0
2022-02-01 00:04:52,1.0
2022-02-01 00:04:53,1.0
2022-02-01 00:04:54,1.0
2022-02-01 00:04:55,1.0
2022-02-01 00:04:56,1.0
2022-02-01 00:04:57,1.0
2022-02-01 00:04:58,1.0
2022-02-01 00:04:59,1.0
2022-02-01 00:05:00,1.0
2022-02-01 00:05:01,1.0
2022-02-01 00:05:02,4.0
2022-02-01 00:05:03,4.0
2022-02-01 00:05:04,4.0
2022-02-01 00:05:05,4.0
2022-02-01 00:05:06,4.0
2022-02-01 00:05:07,4.0
2022-02-01 00:05:08,4.0
2022-02-01 00:05:09,4.0
2022-02-01 00:05:10,4.0
2022-02-01 00:05:11,4.0
2022-02-01 00:05:12,4.0
2022-02-01 00:05:13,4.0
2022-02-01 00:05:14,4.0
2022-02-01 00:05:15,4.0
2022-02-01 00:05:16,4.0
2022-02-01 00:05:17,4.0
2022-02-01 00:05:18,4.0
2022-02-01 00:05:19,4.0
2022-02-01 00:05:20,4.0
2022-02-01 00:05:21,4.0
2022-02-01 00:05:22,4.0
2022-02-01 00:05:23,4.0
2022-02-01 00:05:24,4.0
2022-02-01 00:05:25,4.0
2022-02-01 00:05:26,4.0
2022-02-01 00:05:27,4.0
2022-02-01 00:05:28,4.0
2022-02-01 00:05:29,4.0
2022-02-01 00:05:30,3.0
2022-02-01 00:05:31,3.0
2022-02-01 00:05:32,3.0
2022-02-01 00:05:33,3.0
2022-02-01 00:05:34,3.0
2022-02-01 00:05:35,3.0
2022-02-01 00:05:36,3.0
2022-02-01 00:05:37,3.0
2022-02-01 00:05:38,3.0
2022-02-01 00:05:39,3.0
2022-02-01 00:05:40,3.0
2022-02-01 00:05:41,3.0
2022-02-01 00:05:42,3.0
2022-02-01 00:05:43,3.0
2022-02-01 00:05:44,3.0
2022-02-01 00:05:45,3.0
2022-02-01 00:05:46,3.0
2022-02-01 00:05:47,3.0
2022-02-01 00:05:48,3.0
2022-02-01 00:05:49,3.0
2022-02-01 00:05:50,3.0
2022-02-01 00:05:51,3.0
2022-02-01 00:05:52,3.0
2022-02-01 00:05:53,3.0
2022-02-01 00:05:54,5.0
2022-02-01 00:05:55,5.0
2022-02-01 00:05:56,5.0
2022-02-01 00:05:57,5.0
2022-02-01 00:05:58,5.0
2022-02-01 00:05:59,5.0
2022-02-01 00:06:00,5.0
2022-02-01 00:06:01,5.0
2022-02-01 00:06:02,5.0
2022-02-01 00:06:03,5.0
2022-02-01 00:06:04,5.0
2022-02-01 00:06:05,5.0
2022-02-01 00:06:06,5.0
2022-02-01 00:06:07,5.0
2022-02-01 00:06:08,5.0
2022-02-01 00:06:09,5.0
2022-02-01 00:06:10,5.0
2022-02-01 00:06:11,5.0
2022-02-01 00:06:12,5.0
2022-02-01 00:06:13,5.0
2022-02-01 00:06:14,5.0
2022-02-01 00:06:15,5.0
2022-02-01 00:06:16,5.0
2022-02-01 00:06:17,5.0
2022-02-01 00:06:18,5.0
2022-02-01 00:06:19,5.0
2022-02-01 00:06:20,5.0
2022-02-01 00:06:21,5.0
2022-02-01 00:06:22,5.0
2022-02-01 00:06:23,5.0
2022-02-01 00:06:24,0.0
2022-02-01 00:06:25,0.0
2022-02-01 00:06:26,0.0
2022-02-01 00:06:27,0.0
2022-02-01 00:06:28,0.0
2022-02-01 00:06:29,0.0
2022-02-01 00:06:30,0.0
2022-02-01 00:06:31,0.0
2022-02-01 00:06:32,0.0
2022-02-01 00:06:33,0.0
2022-02-01 00:06:34,0.0
2022-02-01 00:06:35,0.0
2022-02-01 00:06:36,0.0
2022-02-01 00:06:37,0.0
2022-02-01 00:06:38,0.0
2022-02-01 00:06:39,0.0
2022-02-01 00:06:40,0.0
2022-02-01 00:06:41,0.0
2022-02-01 00:06:42,0.0
2022-02-01 00:06:43,0.0
2022-02-01 00:06:44,0.0
2022-02-01 00:06:45,0.0
2022-02-01 00:06:46,0.0
2022-02-01 00:06:47,0.0
2022-02-01 00:06:48,0.0
2022-02-01 00:06:49,0.0
2022-02-01 00:06:50,0.0
2022-02-01 00:06:51,0.0
2022-02-01 00:06:52,0.0
2022-02-01 00:06:53,0.0
2022-02-01 00:06:54,0.0
2022-02-01 00:06:55,2.0
2022-02-01 00:06:56,2.0
2022-02-01 00:06:57,2.0
2022-02-01 00:06:58,2.0
2022-02-01 00:06:59,2.0
2022-02-01 00:07:00,2.0
2022-02-01 00:07:01,2.0
2022-02-01 00:07:02,2.0
2022-02-01 00:07:03,2.0
2022-02-01 00:07:04,2.0
2022-02-01 00:07:05,2.0
2022-02-01 00:07:06,2.0
2022-02-01 00:07:07,2.0
2022-02-01 00:07:08,2.0
2022-02-01 00:07:09,2.0
2022-02-01 00:07:10,2.0
2022-02-01 00:07:11,2.0
2022-02-01 00:07:12,2.0
2022-02-01 00:07:13,2.0
2022-02-01 00:07:14,2.0
2022-02-01 00:07:15,2.0
2022-02-01 00:07:16,2.0
2022-02-01 00:07:17,2.0
2022-02-01 00:07:18,1.0
2022-02-01 00:07:19,1.0
2022-02-01 00:07:20,1.0
2022-02-01 00:07:21,1.0
2022-02-01 00:07:22,1.0
2022-02-01 00:07:23,1.0
2022-02-01 00:07:24,1.0
2022-02-01 00:07:25,1.0
2022-02-01 00:07:26,1.0
2022-02-01 00:07:27,1.0
2022-02-01 00:07:28,1.0
2022-02-01 00:07:29,1.0
2022-02-01 00:07:30,1.0
2022-02-01 00:07:31,1.0
2022-02-01 00:07:32,1.0
2022-02-01 00:07:33,1.0
2022-02-01 00:07:34,1.0
2022-02-01 00:07:35,1.0
2022-02-01 00:07:36,1.0
2022-02-01 00:07:37,1.0
2022-02-01 00:07:38,1.0
2022-02-01 00:07:39,1.0
2022-02-01 00:07:40,1.0
2022-02-01 00:07:41,1.0
2022-02-01 00:07:42,1.0
2022-02-01 00:07:43,1.0
2022-02-01 00:07:44,1.0
2022-02-01 00:07:45,1.0
2022-02-01 00:07:46,4.0
2022-02-01 00:07:47,4.0
2022-02-01 00:07:48,4.0
2022-02-01 00:07:49,4.0
2022-02-01 00:07:50,4.0
2022-02-01 00:07:51,4.0
2022-02-01 00:07:52,4.0
2022-02-01 00:07:53,4.0
2022-02-01 00:07:54,4.0
2022-02-01 00:07:55,4.0
2022-02-01 00:07:56,4.0
2022-02-01 00:07:57,4.0
2022-02-01 00:07:58,4.0
2022-02-01 00:07:59,4.0
2022-02-01 00:08:00,4.0
2022-02-01 00:08:01,4.0
2022-02-01 00:08:02,4.0
2022-02-01 00:08:03,4.0
2022-02-01 00:08:04,4.0
2022-02-01 00:08:05,4.0
2022-02-01 00:08:06,4.0
2022-02-01 00:08:07,4.0
2022-02-01 00:08:08,4.0
2022-02-01 00:08:09,4.0
2022-02-01 00:08:10,4.0
2022-02-01 00:08:11,4.0
2022-02-01 00:08:12,4.0
2022-02-01 00:08:13,4.0
2022-02-01 00:08:14,3.0
2022-02-01 00:08:15,3.0
2022-02-01 00:08:16,3.0
2022-02-01 00:08:17,3.0
2022-02-01 00:08:18,3.0
2022-02-01 00:08:19,3.0
2022-02-01 00:08:20,3.0
2022-02-01 00:08:21,3.0
2022-02-01 00:08:22,3.0
2022-02-01 00:08:23,3.0
2022-02-01 00:08:24,3.0
2022-02-01 00:08:25,3.0
2022-02-01 00:08:26,3.0
2022-02-01 00:08:27,3.0
2022-02-01 00:08:28,3.0
2022-02-01 00:08:29,3.0
2022-02-01 00:08:30,3.0
2022-02-01 00:08:31,3.0
2022-02-01 00:08:32,3.0
2022-02-01 00:08:33,3.0
2022-02-01 00:08:34,3.0
2022-02-01 00:08:35,3.0
2022-02-01 00:08:36,3.0
2022-02-01 00:08:37,3.0
2022-02-01 00:08:38,3.0
2022-02-01 00:08:39,3.0
2022-02-01 00:08:40,5.0
2022-02-01 00:08:41,5.0
2022-02-01 00:08:42,5.0
2022-02-01 00:08:43,5.0
2022-02-01 00:08:44,5.0
2022-02-01 00:08:45,5.0
2022-02-01 00:08:46,5.0
2022-02-01 00:08:47,5.0
2022-02-01 00:08:48,5.0
2022-02-01 00:08:49,5.0
2022-02-01 00:08:50,5.0
2022-02-01 00:08:51,5.0
2022-02-01 00:08:52,5.0
2022-02-01 00:08:53,5.0
2022-02-01 00:08:54,5.0
2022-02-01 00:08:55,5.0
2022-02-01 00:08:56,5.0
2022-02-01 00:08:57,5.0
2022-02-01 00:08:58,5.0
2022-02-01 00:08:59,5.0
2022-02-01 00:09:00,5.0
2022-02-01 00:09:01,5.0
2022-02-01 00:09:02,5.0
2022-02-01 00:09:03,5.0
2022-02-01 00:09:04,0.0
2022-02-01 00:09:05,0.0
2022-02-01 00:09:06,0.0
2022-02-01 00:09:07,0.0
2022-02-01 00:09:08,0.0
2022-02-01 00:09:09,0.0
2022-02-01 00:09:10,0.0
2022-02-01 00:09:11,0.0
2022-02-01 00:09:12,0.0
2022-02-01 00:09:13,0.0
2022-02-01 00:09:14,0.0
2022-02-01 00:09:15,0.0
2022-02-01 00:09:16,0.0
2022-02-01 00:09:17,0.0
2022-02-01 00:09:18,0.0
2022-02-01 00:09:19,0.0
2022-02-01 00:09:20,0.0
2022-02-01 00:09:21,0.0
2022-02-01 00:09:22,0.0
2022-02-01 00:09:23,0.0
2022-02-01 00:09:24,0.0
2022-02-01 00:09:25,0.0
2022-02-01 00:09:26,0.0
2022-02-01 00:09:27,0.0
2022-02-01 00:09:28,0.0
2022-02-01 00:09:29,0.0
2022-02-01 00:09:30,0.0
2022-02-01 00:09:31,0.0
2022-02-01 00:09:32,0.0
2022-02-01 00:09:33,2.0
2022-02-01 00:09:34,2.0
2022-02-01 00:09:35,2.0
2022-02-01 00:09:36,2.0
2022-02-01 00:09:37,2.0
2022-02-01 00:09:38,2.0
2022-02-01 00:09:39,2.0
2022-02-01 00:09:40,2.0
2022-02-01 00:09:41,2.0
2022-02-01 00:09:42,2.0
2022-02-01 00:09:43,2.0
2022-02-01 00:09:44,2.0
2022-02-01 00:09:45,2.0
2022-02-01 00:09:46,2.0
2022-02-01 00:09:47,2.0
2022-02-01 00:09:48,2.0
2022-02-01 00:09:49,2.0
2022-02-01 00:09:50,2.0
2022-02-01 00:09:51,2.0
2022-02-01 00:09:52,2.0
2022-02-01 00:09:53,2.0
2022-02-01 00:09:54,2.0
2022-02-01 00:09:55,1.0
2022-02-01 00:09:56,1.0
2022-02-01 00:09:57,1.0
2022-02-01 00:09:58,1.0
2022-02-01 00:09:59,1.0
2022-02-01 00:10:00,1.0
2022-02-01 00:10:01,1.0
2022-02-01 00:10:02,1.0
2022-02-01 00:10:03,1.0
2022-02-01 00:10:04,1.0
2022-02-01 00:10:05,1.0
2022-02-01 00:10:06,1.0
2022-02-01 00:10:07,1.0
2022-02-01 00:10:08,1.0
2022-02-01 00:10:09,1.0
2022-02-01 00:10:10,1.0
2022-02-01 00:10:11,1.0
2022-02-01 00:10:12,1.0
2022-02-01 00:10:13,1.0
2022-02-01 00:10:14,1.0
2022-02-01 00:10:15,1.0
2022-02-01 00:10:16,1.0
2022-02-01 00:10:17,1.0
2022-02-01 00:10:18,1.0
2022-02-01 00:10:19,4.0
2022-02-01 00:10:20,4.0
2022-02-01 00:10:21,4.0
2022-02-01 00:10:22,4.0
2022-02-01 00:10:23,4.0
2022-02-01 00:10:24,4.0
2022-02-01 00:10:25,4.0
2022-02-01 00:10:26,4.0
2022-02-01 00:10:27,4.0
2022-02-01 00:10:28,4.0
2022-02-01 00:10:29,4.0
2022-02-01 00:10:30,4.0
2022-02-01 00:10:31,4.0
2022-02-01 00:10:32,4.0
2022-02-01 00:10:33,4.0
2022-02-01 00:10:34,4.0
2022-02-01 00:10:35,4.0
2022-02-01 00:10:36,4.0
2022-02-01 00:10:37,4.0
2022-02-01 00:10:38,4.0
2022-02-01 00:10:39,4.0
2022-02-01 00:10:40,4.0
2022-02-01 00:10:41,3.0
2022-02-01 00:10:42,3.0
2022-02-01 00:10:43,3.0
2022-02-01 00:10:44,3.0
2022-02-01 00:10:45,3.0
2022-02-01 00:10:46,3.0
2022-02-01 00:10:47,3.0
2022-02-01 00:10:48,3.0
2022-02-01 00:10:49,3.0
2022-02-01 00:10:50,3.0
2022-02-01 00:10:51,3.0
2022-02-01 00:10:52,3.0
2022-02-01 00:10:53,3.0
2022-02-01 00:10:54,3.0
2022-02-01 00:10:55,3.0
2022-02-01 00:10:56,3.0
2022-02-01 00:10:57,3.0
2022-02-01 00:10:58,3.0
2022-02-01 00:10:59,3.0
2022-02-01 00:11:00,3.0
2022-02-01 00:11:01,3.0
2022-02-01 00:11:02,3.0
2022-02-01 00:11:03,3.0
2022-02-01 00:11:04,3.0
2022-02-01 00:11:05,3.0
2022-02-01 00:11:06,5.0
2022-02-01 00:11:07,5.0
2022-02-01 00:11:08,5.0
2022-02-01 00:11:09,5.0
2022-02-01 00:11:10,5.0
2022-02-01 00:11:11,5.0
2022-02-01 00:11:12,5.0
2022-02-01 00:11:13,5.0
2022-02-01 00:11:14,5.0
2022-02-01 00:11:15,5.0
2022-02-01 00:11:16,5.0
2022-02-01 00:11:17,5.0
2022-02-01 00:11:18,5.0
2022-02-01 00:11:19,5.0
2022-02-01 00:11:20,5.0
2022-02-01 00:11:21,5.0
2022-02-01 00:11:22,5.0
2022-02-01 00:11:23,5.0
2022-02-01 00:11:24,5.0
2022-02-01 00:11:25,5.0
2022-02-01 00:11:26,5.0
2022-02-01 00:11:27,5.0
2022-02-01 00:11:28,5.0
2022-02-01 00:11:29,5.0
2022-02-01 00:11:30,0.0
2022-02-01 00:11:31,0.0
2022-02-01 00:11:32,0.0
2022-02-01 00:11:33,0.0
2022-02-01 00:11:34,0.0
2022-02-01 00:11:35,0.0
2022-02-01 00:11:36,0.0
2022-02-01 00:11:37,0.0
2022-02-01 00:11:38,0.0
2022-02-01 00:11:39,0.0
2022-02-01 00:11:40,0.0
2022-02-01 00:11:41,0.0
2022-02-01 00:11:42,0.0
2022-02-01 00:11:43,0.0
2022-02-01 00:11:44,0.0
2022-02-01 00:11:45,0.0
2022-02-01 00:11:46,0.0
2022-02-01 00:11:47,0.0
2022-02-01 00:11:48,0.0
2022-02-01 00:11:49,0.0
2022-02-01 00:11:50,0.0
2022-02-01 00:11:51,0.0
2022-02-01 00:11:52,0.0
2022-02-01 00:11:53,0.0
2022-02-01 00:11:54,0.0
2022-02-01 00:11:55,0.0
2022-02-01 00:11:56,2.0
2022-02-01 00:11:57,2.0
2022-02-01 00:11:58,2.0
2022-02-01 00:11:59,2.0
2022-02-01 00:12:00,2.0
2022-02-01 00:12:01,2.0
2022-02-01 00:12:02,2.0
2022-02-01 00:12:03,1.0
2022-02-01 00:12:04,1.0
2022-02-01 00:12:05,1.0
2022-02-01 00:12:06,1.0
2022-02-01 00:12:07,1.0
2022-02-01 00:12:08,1.0
2022-02-01 00:12:09,1.0
2022-02-01 00:12:10,1.0
2022-02-01 00:12:11,1.0
2022-02-01 00:12:12,1.0
2022-02-01 00:12:13,2.0
2022-02-01 00:12:14,2.0
2022-02-01 00:12:15,2.0
2022-02-01 00:12:16,2.0
2022-02-01 00:12:17,2.0
2022-02-01 00:12:18,2.0
2022-02-01 00:12:19,1.0
2022-02-01 00:12:20,1.0
2022-02-01 00:12:21,1.0
2022-02-01 00:12:22,1.0
2022-02-01 00:12:23,1.0
2022-02-01 00:12:24,1.0
2022-02-01 00:12:25,1.0
2022-02-01 00:12:26,1.0
2022-02-01 00:12:27,2.0
2022-02-01 00:12:28,2.0
2022-02-01 00:12:29,2.0
2022-02-01 00:12:30,2.0
2022-02-01 00:12:31,2.0
2022-02-01 00:12:32,2.0
2022-02-01 00:12:33,2.0
2022-02-01 00:12:34,2.0
2022-02-01 00:12:35,1.0
2022-02-01 00:12:36,1.0
2022-02-01 00:12:37,1.0
2022-02-01 00:12:38,1.0
2022-02-01 00:12:39,1.0
2022-02-01 00:12:40,1.0
2022-02-01 00:12:41,1.0
2022-02-01 00:12:42,1.0
2022-02-01 00:12:43,4.0
2022-02-01 00:12:44,4.0
2022-02-01 00:12:45,4.0
2022-02-01 00:12:46,4.0
2022-02-01 00:12:47,4.0
2022-02-01 00:12:48,4.0
2022-02-01 00:12:49,4.0
2022-02-01 00:12:50,4.0
2022-02-01 00:12:51,4.0
2022-02-01 00:12:52,4.0
2022-02-01 00:12:53,4.0
2022-02-01 00:12:54,4.0
2022-02-01 00:12:55,4.0
2022-02-01 00:12:56,4.0
2022-02-01 00:12:57,4.0
2022-02-01 00:12:58,4.0
2022-02-01 00:12:59,4.0
2022-02-01 00:13:00,4.0
2022-02-01 00:13:01,4.0
2022-02-01 00:13:02,4.0
2022-02-01 00:13:03,4.0
2022-02-01 00:13:04,4.0
2022-02-01 00:13:05,4.0
2022-02-01 00:13:06,3.0
2022-02-01 00:13:07,3.0
2022-02-01 00:13:08,3.0
2022-02-01 00:13:09,3.0
2022-02-01 00:13:10,3.0
2022-02-01 00:13:11,3.0
2022-02-01 00:13:12,3.0
2022-02-01 00:13:13,3.0
2022-02-01 00:13:14,3.0
2022-02-01 00:13:15,3.0
2022-02-01 00:13:16,3.0
2022-02-01 00:13:17,3.0
2022-02-01 00:13:18,3.0
2022-02-01 00:13:19,3.0
2022-02-01 00:13:20,3.0
2022-02-01 00:13:21,3.0
2022-02-01 00:13:22,3.0
2022-02-01 00:13:23,3.0
2022-02-01 00:13:24,3.0
2022-02-01 00:13:25,3.0
2022-02-01 00:13:26,3.0
2022-02-01 00:13:27,3.0
2022-02-01 00:13:28,3.0
2022-02-01 00:13:29,3.0
2022-02-01 00:13:30,3.0
2022-02-01 00:13:31,5.0
2022-02-01 00:13:32,5.0
2022-02-01 00:13:33,5.0
2022-02-01 00:13:34,5.0
2022-02-01 00:13:35,5.0
2022-02-01 00:13:36,5.0
2022-02-01 00:13:37,5.0
2022-02-01 00:13:38,5.0
2022-02-01 00:13:39,5.0
2022-02-01 00:13:40,5.0
2022-02-01 00:13:41,5.0
2022-02-01 00:13:42,5.0
2022-02-01 00:13:43,5.0
2022-02-01 00:13:44,5.0
2022-02-01 00:13:45,5.0
2022-02-01 00:13:46,5.0
2022-02-01 00:13:47,5.0
2022-02-01 00:13:48,5.0
2022-02-01 00:13:49,5.0
2022-02-01 00:13:50,5.0
2022-02-01 00:13:51,5.0
2022-02-01 00:13:52,5.0
2022-02-01 00:13:53,5.0
2022-02-01 00:13:54,5.0
2022-02-01 00:13:55,5.0
2022-02-01 00:13:56,5.0
2022-02-01 00:13:57,0.0
2022-02-01 00:13:58,0.0
2022-02-01 00:13:59,0.0
2022-02-01 00:14:00,0.0
2022-02-01 00:14:01,0.0
2022-02-01 00:14:02,0.0
2022-02-01 00:14:03,0.0
2022-02-01 00:14:04,0.0
2022-02-01 00:14:05,0.0
2022-02-01 00:14:06,0.0
2022-02-01 00:14:07,0.0
2022-02-01 00:14:08,0.0
2022-02-01 00:14:09,0.0
2022-02-01 00:14:10,0.0
2022-02-01 00:14:11,0.0
2022-02-01 00:14:12,0.0
2022-02-01 00:14:13,0.0
2022-02-01 00:14:14,0.0
2022-02-01 00:14:15,0.0
2022-02-01 00:14:16,0.0
2022-02-01 00:14:17,0.0
2022-02-01 00:14:18,0.0
2022-02-01 00:14:19,0.0
2022-02-01 00:14:20,0.0
2022-02-01 00:14:21,0.0
2022-02-01 00:14:22,0.0
2022-02-01 00:14:23,2.0
2022-02-01 00:14:24,2.0
2022-02-01 00:14:25,2.0
2022-02-01 00:14:26,2.0
2022-02-01 00:14:27,2.0
2022-02-01 00:14:28,2.0
2022-02-01 00:14:29,2.0
2022-02-01 00:14:30,2.0
2022-02-01 00:14:31,2.0
2022-02-01 00:14:32,2.0
2022-02-01 00:14:33,2.0
2022-02-01 00:14:34,2.0
2022-02-01 00:14:35,2.0
2022-02-01 00:14:36,2.0
2022-02-01 00:14:37,1.0
2022-02-01 00:14:38,1.0
2022-02-01 00:14:39,1.0
2022-02-01 00:14:40,1.0
2022-02-01 00:14:41,1.0
2022-02-01 00:14:42,1.0
2022-02-01 00:14:43,1.0
2022-02-01 00:14:44,1.0
2022-02-01 00:14:45,1.0
2022-02-01 00:14:46,1.0
2022-02-01 00:14:47,1.0
2022-02-01 00:14:48,1.0
2022-02-01 00:14:49,1.0
2022-02-01 00:14:50,1.0
2022-02-01 00:14:51,1.0
2022-02-01 00:14:52,1.0
2022-02-01 00:14:53,1.0
2022-02-01 00:14:54,1.0
2022-02-01 00:14:55,1.0
2022-02-01 00:14:56,1.0
2022-02-01 00:14:57,1.0
2022-02-01 00:14:58,1.0
2022-02-01 00:14:59,1.0
2022-02-01 00:15:00,2.0
2022-02-01 00:15:01,2.0
2022-02-01 00:15:02,2.0
2022-02-01 00:15:03,2.0
2022-02-01 00:15:04,2.0
2022-02-01 00:15:05,2.0
2022-02-01 00:15:06,2.0
2022-02-01 00:15:07,4.0
2022-02-01 00:15:08,4.0
2022-02-01 00:15:09,4.0
2022-02-01 00:15:10,4.0
2022-02-01 00:15:11,4.0
2022-02-01 00:15:12,4.0
2022-02-01 00:15:13,4.0
2022-02-01 00:15:14,4.0
2022-02-01 00:15:15,4.0
2022-02-01 00:15:16,4.0
2022-02-01 00:15:17,4.0
2022-02-01 00:15:18,4.0
2022-02-01 00:15:19,4.0
2022-02-01 00:15:20,4.0
2022-02-01 00:15:21,4.0
2022-02-01 00:15:22,4.0
2022-02-01 00:15:23,4.0
2022-02-01 00:15:24,4.0
2022-02-01 00:15:25,4.0
2022-02-01 00:15:26,4.0
2022-02-01 00:15:27,4.0
2022-02-01 00:15:28,4.0
2022-02-01 00:15:29,4.0
2022-02-01 00:15:30,3.0
2022-02-01 00:15:31,3.0
2022-02-01 00:15:32,3.0
2022-02-01 00:15:33,3.0
2022-02-01 00:15:34,3.0
2022-02-01 00:15:35,3.0
2022-02-01 00:15:36,3.0
2022-02-01 00:15:37,3.0
2022-02-01 00:15:38,3.0
2022-02-01 00:15:39,3.0
2022-02-01 00:15:40,3.0
2022-02-01 00:15:41,3.0
2022-02-01 00:15:42,3.0
2022-02-01 00:15:43,3.0
2022-02-01 00:15:44,3.0
2022-02-01 00:15:45,3.0
2022-02-01 00:15:46,3.0
2022-02-01 00:15:47,3.0
2022-02-01 00:15:48,3.0
2022-02-01 00:15:49,3.0
2022-02-01 00:15:50,3.0
2022-02-01 00:15:51,3.0
2022-02-01 00:15:52,3.0
2022-02-01 00:15:53,3.0
2022-02-01 00:15:54,5.0
2022-02-01 00:15:55,5.0
2022-02-01 00:15:56,5.0
2022-02-01 00:15:57,5.0
2022-02-01 00:15:58,5.0
2022-02-01 00:15:59,5.0
2022-02-01 00:16:00,5.0
2022-02-01 00:16:01,5.0
2022-02-01 00:16:02,5.0
2022-02-01 00:16:03,5.0
2022-02-01 00:16:04,5.0
2022-02-01 00:16:05,5.0
2022-02-01 00:16:06,5.0
2022-02-01 00:16:07,5.0
2022-02-01 00:16:08,5.0
2022-02-01 00:16:09,5.0
2022-02-01 00:16:10,5.0
2022-02-01 00:16:11,5.0
2022-02-01 00:16:12,5.0
2022-02-01 00:16:13,5.0
2022-02-01 00:16:14,5.0
2022-02-01 00:16:15,5.0
2022-02-01 00:16:16,5.0
2022-02-01 00:16:17,5.0
2022-02-01 00:16:18,5.0
2022-02-01 00:16:19,5.0
2022-02-01 00:16:20,5.0
2022-02-01 00:16:21,5.0
2022-02-01 00:16:22,5.0
2022-02-01 00:16:23,5.0
2022-02-01 00:16:24,5.0
2022-02-01 00:16:25,0.0
2022-02-01 00:16:26,0.0
2022-02-01 00:16:27,0.0
2022-02-01 00:16:28,0.0
2022-02-01 00:16:29,0.0
2022-02-01 00:16:30,0.0
2022-02-01 00:16:31,0.0
2022-02-01 00:16:32,0.0
2022-02-01 00:16:33,0.0
2022-02-01 00:16:34,0.0
2022-02-01 00:16:35,0.0
2022-02-01 00:16:36,0.0
2022-02-01 00:16:37,0.0
2022-02-01 00:16:38,0.0
2022-02-01 00:16:39,0.0
2022-02-01 00:16:40,0.0
2022-02-01 00:16:41,0.0
2022-02-01 00:16:42,0.0
2022-02-01 00:16:43,0.0
2022-02-01 00:16:44,0.0
2022-02-01 00:16:45,0.0
2022-02-01 00:16:46,0.0
2022-02-01 00:16:47,0.0
2022-02-01 00:16:48,0.0
2022-02-01 00:16:49,0.0
2022-02-01 00:16:50,0.0
2022-02-01 00:16:51,0.0
2022-02-01 00:16:52,2.0
2022-02-01 00:16:53,2.0
2022-02-01 00:16:54,2.0
2022-02-01 00:16:55,2.0
2022-02-01 00:16:56,2.0
2022-02-01 00:16:57,2.0
2022-02-01 00:16:58,2.0
2022-02-01 00:16:59,2.0
2022-02-01 00:17:00,2.0
2022-02-01 00:17:01,2.0
2022-02-01 00:17:02,2.0
2022-02-01 00:17:03,2.0
2022-02-01 00:17:04,2.0
2022-02-01 00:17:05,2.0
2022-02-01 00:17:06,2.0
2022-02-01 00:17:07,2.0
2022-02-01 00:17:08,2.0
2022-02-01 00:17:09,2.0
2022-02-01 00:17:10,2.0
2022-02-01 00:17:11,1.0
2022-02-01 00:17:12,1.0
2022-02-01 00:17:13,1.0
2022-02-01 00:17:14,1.0
2022-02-01 00:17:15,1.0
2022-02-01 00:17:16,1.0
2022-02-01 00:17:17,1.0
2022-02-01 00:17:18,1.0
2022-02-01 00:17:19,1.0
2022-02-01 00:17:20,1.0
2022-02-01 00:17:21,1.0
2022-02-01 00:17:22,1.0
2022-02-01 00:17:23,1.0
2022-02-01 00:17:24,1.0
2022-02-01 00:17:25,1.0
2022-02-01 00:17:26,1.0
2022-02-01 00:17:27,1.0
2022-02-01 00:17:28,1.0
2022-02-01 00:17:29,1.0
2022-02-01 00:17:30,1.0
2022-02-01 00:17:31,1.0
2022-02-01 00:17:32,1.0
2022-02-01 00:17:33,1.0
2022-02-01 00:17:34,4.0
2022-02-01 00:17:35,4.0
2022-02-01 00:17:36,4.0
2022-02-01 00:17:37,4.0
2022-02-01 00:17:38,4.0
2022-02-01 00:17:39,4.0
2022-02-01 00:17:40,4.0
2022-02-01 00:17:41,4.0
2022-02-01 00:17:42,4.0
2022-02-01 00:17:43,4.0
2022-02-01 00:17:44,4.0
2022-02-01 00:17:45,4.0
2022-02-01 00:17:46,4.0
2022-02-01 00:17:47,4.0
2022-02-01 00:17:48,4.0
2022-02-01 00:17:49,4.0
2022-02-01 00:17:50,4.0
2022-02-01 00:17:51,4.0
2022-02-01 00:17:52,4.0
2022-02-01 00:17:53,4.0
2022-02-01 00:17:54,4.0
2022-02-01 00:17:55,3.0
2022-02-01 00:17:56,3.0
2022-02-01 00:17:57,3.0
2022-02-01 00:17:58,3.0
2022-02-01 00:17:59,3.0
2022-02-01 00:18:00,3.0
2022-02-01 00:18:01,3.0
2022-02-01 00:18:02,3.0
2022-02-01 00:18:03,3.0
2022-02-01 00:18:04,3.0
2022-02-01 00:18:05,3.0
2022-02-01 00:18:06,3.0
2022-02-01 00:18:07,3.0
2022-02-01 00:18:08,3.0
2022-02-01 00:18:09,3.0
2022-02-01 00:18:10,3.0
2022-02-01 00:18:11,3.0
2022-02-01 00:18:12,3.0
2022-02-01 00:18:13,3.0
2022-02-01 00:18:14,3.0
2022-02-01 00:18:15,3.0
2022-02-01 00:18:16,3.0
2022-02-01 00:18:17,3.0
2022-02-01 00:18:18,3.0
2022-02-01 00:18:19,3.0
2022-02-01 00:18:20,3.0
2022-02-01 00:18:21,3.0
2022-02-01 00:18:22,3.0
2022-02-01 00:18:23,3.0
2022-02-01 00:18:24,3.0
2022-02-01 00:18:25,5.0
2022-02-01 00:18:26,5.0
2022-02-01 00:18:27,5.0
2022-02-01 00:18:28,5.0
2022-02-01 00:18:29,5.0
2022-02-01 00:18:30,5.0
2022-02-01 00:18:31,5.0
2022-02-01 00:18:32,5.0
2022-02-01 00:18:33,5.0
2022-02-01 00:18:34,5.0
2022-02-01 00:18:35,5.0
2022-02-01 00:18:36,5.0
2022-02-01 00:18:37,5.0
2022-02-01 00:18:38,5.0
2022-02-01 00:18:39,5.0
2022-02-01 00:18:40,5.0
2022-02-01 00:18:41,5.0
2022-02-01 00:18:42,5.0
2022-02-01 00:18:43,5.0
2022-02-01 00:18:44,5.0
2022-02-01 00:18:45,5.0
2022-02-01 00:18:46,5.0
2022-02-01 00:18:47,5.0
2022-02-01 00:18:48,5.0
2022-02-01 00:18:49,5.0
2022-02-01 00:18:50,5.0
2022-02-01 00:18:51,5.0
2022-02-01 00:18:52,0.0
2022-02-01 00:18:53,0.0
2022-02-01 00:18:54,0.0
2022-02-01 00:18:55,0.0
2022-02-01 00:18:56,0.0
2022-02-01 00:18:57,0.0
2022-02-01 00:18:58,0.0
2022-02-01 00:18:59,0.0
2022-02-01 00:19:00,0.0
2022-02-01 00:19:01,0.0
2022-02-01 00:19:02,0.0
2022-02-01 00:19:03,0.0
2022-02-01 00:19:04,0.0
2022-02-01 00:19:05,0.0
2022-02-01 00:19:06,0.0
2022-02-01 00:19:07,0.0
2022-02-01 00:19:08,0.0
2022-02-01 00:19:09,0.0
2022-02-01 00:19:10,0.0
2022-02-01 00:19:11,0.0
2022-02-01 00:19:12,0.0
2022-02-01 00:19:13,0.0
2022-02-01 00:19:14,0.0
2022-02-01 00:19:15,0.0
2022-02-01 00:19:16,0.0
2022-02-01 00:19:17,0.0
2022-02-01 00:19:18,2.0
2022-02-01 00:19:19,2.0
2022-02-01 00:19:20,2.0
2022-02-01 00:19:21,2.0
2022-02-01 00:19:22,2.0
2022-02-01 00:19:23,2.0
2022-02-01 00:19:24,2.0
2022-02-01 00:19:25,2.0
2022-02-01 00:19:26,2.0
2022-02-01 00:19:27,2.0
2022-02-01 00:19:28,2.0
2022-02-01 00:19:29,2.0
2022-02-01 00:19:30,2.0
2022-02-01 00:19:31,2.0
2022-02-01 00:19:32,2.0
2022-02-01 00:19:33,2.0
2022-02-01 00:19:34,2.0
2022-02-01 00:19:35,2.0
2022-02-01 00:19:36,2.0
2022-02-01 00:19:37,1.0
2022-02-01 00:19:38,1.0
2022-02-01 00:19:39,1.0
2022-02-01 00:19:40,1.0
2022-02-01 00:19:41,1.0
2022-02-01 00:19:42,1.0
2022-02-01 00:19:43,1.0
2022-02-01 00:19:44,1.0
2022-02-01 00:19:45,1.0
2022-02-01 00:19:46,1.0
2022-02-01 00:19:47,1.0
2022-02-01 00:19:48,1.0
2022-02-01 00:19:49,1.0
2022-02-01 00:19:50,1.0
2022-02-01 00:19:51,1.0
2022-02-01 00:19:52,1.0
2022-02-01 00:19:53,1.0
2022-02-01 00:19:54,1.0
2022-02-01 00:19:55,1.0
2022-02-01 00:19:56,1.0
2022-02-01 00:19:57,1.0
2022-02-01 00:19:58,1.0
2022-02-01 00:19:59,1.0
2022-02-01 00:20:00,1.0
2022-02-01 00:20:01,4.0
2022-02-01 00:20:02,4.0
2022-02-01 00:20:03,4.0
2022-02-01 00:20:04,4.0
2022-02-01 00:20:05,4.0
2022-02-01 00:20:06,4.0
2022-02-01 00:20:07,4.0
2022-02-01 00:20:08,4.0
2022-02-01 00:20:09,4.0
2022-02-01 00:20:10,4.0
2022-02-01 00:20:11,4.0
2022-02-01 00:20:12,4.0
2022-02-01 00:20:13,4.0
2022-02-01 00:20:14,4.0
2022-02-01 00:20:15,4.0
2022-02-01 00:20:16,4.0
2022-02-01 00:20:17,4.0
2022-02-01 00:20:18,4.0
2022-02-01 00:20:19,4.0
2022-02-01 00:20:20,4.0
2022-02-01 00:20:21,4.0
2022-02-01 00:20:22,4.0
2022-02-01 00:20:23,4.0
2022-02-01 00:20:24,4.0
2022-02-01 00:20:25,4.0
2022-02-01 00:20:26,4.0
2022-02-01 00:20:27,4.0
2022-02-01 00:20:28,3.0
2022-02-01 00:20:29,3.0
2022-02-01 00:20:30,3.0
2022-02-01 00:20:31,3.0
2022-02-01 00:20:32,3.0
2022-02-01 00:20:33,3.0
2022-02-01 00:20:34,3.0
2022-02-01 00:20:35,3.0
2022-02-01 00:20:36,3.0
2022-02-01 00:20:37,3.0
2022-02-01 00:20:38,3.0
2022-02-01 00:20:39,3.0
2022-02-01 00:20:40,3.0
2022-02-01 00:20:41,3.0
2022-02-01 00:20:42,3.0
2022-02-01 00:20:43,3.0
2022-02-01 00:20:44,3.0
2022-02-01 00:20:45,3.0
2022-02-01 00:20:46,3.0
2022-02-01 00:20:47,3.0
2022-02-01 00:20:48,3.0
2022-02-01 00:20:49,3.0
2022-02-01 00:20:50,3.0
2022-02-01 00:20:51,3.0
2022-02-01 00:20:52,3.0
2022-02-01 00:20:53,3.0
2022-02-01 00:20:54,3.0
2022-02-01 00:20:55,3.0
2022-02-01 00:20:56,5.0
2022-02-01 00:20:57,5.0
2022-02-01 00:20:58,5.0
2022-02-01 00:20:59,5.0
2022-02-01 00:21:00,5.0
2022-02-01 00:21:01,5.0
2022-02-01 00:21:02,5.0
2022-02-01 00:21:03,5.0
2022-02-01 00:21:04,5.0
2022-02-01 00:21:05,5.0
2022-02-01 00:21:06,5.0
2022-02-01 00:21:07,5.0
2022-02-01 00:21:08,5.0
2022-02-01 00:21:09,5.0
2022-02-01 00:21:10,5.0
2022-02-01 00:21:11,5.0
2022-02-01 00:21:12,5.0
2022-02-01 00:21:13,5.0
2022-02-01 00:21:14,5.0
2022-02-01 00:21:15,5.0
2022-02-01 00:21:16,5.0
2022-02-01 00:21:17,5.0
2022-02-01 00:21:18,5.0
2022-02-01 00:21:19,5.0
2022-02-01 00:21:20,5.0
2022-02-01 00:21:21,5.0
2022-02-01 00:21:22,5.0
2022-02-01 00:21:23,0.0
2022-02-01 00:21:24,0.0
2022-02-01 00:21:25,0.0
2022-02-01 00:21:26,0.0
2022-02-01 00:21:27,0.0
2022-02-01 00:21:28,0.0
2022-02-01 00:21:29,0.0
2022-02-01 00:21:30,0.0
2022-02-01 00:21:31,0.0
2022-02-01 00:21:32,0.0
2022-02-01 00:21:33,0.0
2022-02-01 00:21:34,0.0
2022-02-01 00:21:35,0.0
2022-02-01 00:21:36,0.0
2022-02-01 00:21:37,0.0
2022-02-01 00:21:38,0.0
2022-02-01 00:21:39,0.0
2022-02-01 00:21:40,0.0
2022-02-01 00:21:41,0.0
2022-02-01 00:21:42,0.0
2022-02-01 00:21:43,0.0
2022-02-01 00:21:44,0.0
2022-02-01 00:21:45,0.0
2022-02-01 00:21:46,0.0
2022-02-01 00:21:47,0.0
2022-02-01 00:21:48,0.0
2022-02-01 00:21:49,0.0
2022-02-01 00:21:50,2.0
2022-02-01 00:21:51,2.0
2022-02-01 00:21:52,2.0
2022-02-01 00:21:53,2.0
2022-02-01 00:21:54,2.0
2022-02-01 00:21:55,2.0
2022-02-01 00:21:56,2.0
2022-02-01 00:21:57,2.0
2022-02-01 00:21:58,2.0
2022-02-01 00:21:59,2.0
2022-02-01 00:22:00,2.0
2022-02-01 00:22:01,2.0
2022-02-01 00:22:02,2.0
2022-02-01 00:22:03,2.0
2022-02-01 00:22:04,2.0
2022-02-01 00:22:05,2.0
2022-02-01 00:22:06,2.0
2022-02-01 00:22:07,2.0
2022-02-01 00:22:08,2.0
2022-02-01 00:22:09,2.0
2022-02-01 00:22:10,2.0
2022-02-01 00:22:11,2.0
2022-02-01 00:22:12,2.0
2022-02-01 00:22:13,2.0
2022-02-01 00:22:14,2.0
2022-02-01 00:22:15,1.0
2022-02-01 00:22:16,1.0
2022-02-01 00:22:17,1.0
2022-02-01 00:22:18,1.0
2022-02-01 00:22:19,1.0
2022-02-01 00:22:20,1.0
2022-02-01 00:22:21,1.0
2022-02-01 00:22:22,1.0
2022-02-01 00:22:23,1.0
2022-02-01 00:22:24,1.0
2022-02-01 00:22:25,1.0
2022-02-01 00:22:26,1.0
2022-02-01 00:22:27,1.0
2022-02-01 00:22:28,1.0
2022-02-01 00:22:29,1.0
2022-02-01 00:22:30,1.0
2022-02-01 00:22:31,1.0
2022-02-01 00:22:32,1.0
2022-02-01 00:22:33,1.0
2022-02-01 00:22:34,1.0
2022-02-01 00:22:35,1.0
2022-02-01 00:22:36,1.0
2022-02-01 00:22:37,1.0
2022-02-01 00:22:38,1.0
2022-02-01 00:22:39,1.0
2022-02-01 00:22:40,1.0
2022-02-01 00:22:41,1.0
2022-02-01 00:22:42,4.0
2022-02-01 00:22:43,4.0
2022-02-01 00:22:44,4.0
2022-02-01 00:22:45,4.0
2022-02-01 00:22:46,4.0
2022-02-01 00:22:47,4.0
2022-02-01 00:22:48,4.0
2022-02-01 00:22:49,4.0
2022-02-01 00:22:50,4.0
2022-02-01 00:22:51,4.0
2022-02-01 00:22:52,4.0
2022-02-01 00:22:53,4.0
2022-02-01 00:22:54,4.0
2022-02-01 00:22:55,4.0
2022-02-01 00:22:56,4.0
2022-02-01 00:22:57,4.0
2022-02-01 00:22:58,4.0
2022-02-01 00:22:59,4.0
2022-02-01 00:23:00,4.0
2022-02-01 00:23:01,4.0
2022-02-01 00:23:02,4.0
2022-02-01 00:23:03,4.0
2022-02-01 00:23:04,4.0
2022-02-01 00:23:05,4.0
2022-02-01 00:23:06,4.0
2022-02-01 00:23:07,4.0
2022-02-01 00:23:08,4.0
2022-02-01 00:23:09,4.0
2022-02-01 00:23:10,4.0
2022-02-01 00:23:11,4.0
2022-02-01 00:23:12,4.0
2022-02-01 00:23:13,4.0
2022-02-01 00:23:14,4.0
2022-02-01 00:23:15,4.0
2022-02-01 00:23:16,3.0
2022-02-01 00:23:17,3.0
2022-02-01 00:23:18,3.0
2022-02-01 00:23:19,3.0
2022-02-01 00:23:20,3.0
2022-02-01 00:23:21,3.0
2022-02-01 00:23:22,3.0
2022-02-01 00:23:23,3.0
2022-02-01 00:23:24,3.0
2022-02-01 00:23:25,3.0
2022-02-01 00:23:26,3.0
2022-02-01 00:23:27,3.0
2022-02-01 00:23:28,3.0
2022-02-01 00:23:29,3.0
2022-02-01 00:23:30,3.0
2022-02-01 00:23:31,3.0
2022-02-01 00:23:32,3.0
2022-02-01 00:23:33,3.0
2022-02-01 00:23:34,3.0
2022-02-01 00:23:35,3.0
2022-02-01 00:23:36,3.0
2022-02-01 00:23:37,3.0
2022-02-01 00:23:38,3.0
2022-02-01 00:23:39,5.0
2022-02-01 00:23:40,5.0
2022-02-01 00:23:41,5.0
2022-02-01 00:23:42,5.0
2022-02-01 00:23:43,5.0
2022-02-01 00:23:44,5.0
2022-02-01 00:23:45,5.0
2022-02-01 00:23:46,5.0
2022-02-01 00:23:47,5.0
2022-02-01 00:23:48,5.0
2022-02-01 00:23:49,5.0
2022-02-01 00:23:50,5.0
2022-02-01 00:23:51,5.0
2022-02-01 00:23:52,5.0
2022-02-01 00:23:53,5.0
2022-02-01 00:23:54,5.0
2022-02-01 00:23:55,5.0
2022-02-01 00:23:56,5.0
2022-02-01 00:23:57,5.0
2022-02-01 00:23:58,5.0
2022-02-01 00:23:59,5.0
2022-02-01 00:24:00,5.0
2022-02-01 00:24:01,5.0
2022-02-01 00:24:02,5.0
2022-02-01 00:24:03,5.0
2022-02-01 00:24:04,5.0
2022-02-01 00:24:05,5.0
2022-02-01 00:24:06,5.0
2022-02-01 00:24:07,5.0
2022-02-01 00:24:08,5.0
2022-02-01 00:24:09,5.0
2022-02-01 00:24:10,5.0
2022-02-01 00:24:11,5.0
2022-02-01 00:24:12,0.0
2022-02-01 00:24:13,0.0
2022-02-01 00:24:14,0.0
2022-02-01 00:24:15,0.0
2022-02-01 00:24:16,0.0
2022-02-01 00:24:17,0.0
2022-02-01 00:24:18,0.0
2022-02-01 00:24:19,0.0
2022-02-01 00:24:20,0.0
2022-02-01 00:24:21,0.0
2022-02-01 00:24:22,0.0
2022-02-01 00:24:23,0.0
2022-02-01 00:24:24,0.0
2022-02-01 00:24:25,0.0
2022-02-01 00:24:26,0.0
2022-02-01 00:24:27,0.0
2022-02-01 00:24:28,0.0
2022-02-01 00:24:29,0.0
2022-02-01 00:24:30,0.0
2022-02-01 00:24:31,0.0
2022-02-01 00:24:32,0.0
2022-02-01 00:24:33,0.0
2022-02-01 00:24:34,0.0
2022-02-01 00:24:35,2.0
2022-02-01 00:24:36,2.0
2022-02-01 00:24:37,2.0
2022-02-01 00:24:38,2.0
2022-02-01 00:24:39,2.0
2022-02-01 00:24:40,2.0
2022-02-01 00:24:41,2.0
2022-02-01 00:24:42,2.0
2022-02-01 00:24:43,2.0
2022-02-01 00:24:44,2.0
2022-02-01 00:24:45,2.0
2022-02-01 00:24:46,2.0
2022-02-01 00:24:47,2.0
2022-02-01 00:24:48,2.0
2022-02-01 00:24:49,2.0
2022-02-01 00:24:50,2.0
2022-02-01 00:24:51,2.0
2022-02-01 00:24:52,2.0
2022-02-01 00:24:53,2.0
2022-02-01 00:24:54,2.0
2022-02-01 00:24:55,2.0
2022-02-01 00:24:56,1.0
2022-02-01 00:24:57,1.0
2022-02-01 00:24:58,1.0
2022-02-01 00:24:59,1.0
2022-02-01 00:25:00,1.0
2022-02-01 00:25:01,1.0
2022-02-01 00:25:02,1.0
2022-02-01 00:25:03,1.0
2022-02-01 00:25:04,1.0
2022-02-01 00:25:05,1.0
2022-02-01 00:25:06,1.0
2022-02-01 00:25:07,1.0
2022-02-01 00:25:08,1.0
2022-02-01 00:25:09,1.0
2022-02-01 00:25:10,1.0
2022-02-01 00:25:11,1.0
2022-02-01 00:25:12,1.0
2022-02-01 00:25:13,1.0
2022-02-01 00:25:14,1.0
2022-02-01 00:25:15,1.0
2022-02-01 00:25:16,1.0
2022-02-01 00:25:17,1.0
2022-02-01 00:25:18,1.0
2022-02-01 00:25:19,1.0
2022-02-01 00:25:20,1.0
2022-02-01 00:25:21,4.0
2022-02-01 00:25:22,4.0
2022-02-01 00:25:23,4.0
2022-02-01 00:25:24,4.0
2022-02-01 00:25:25,4.0
2022-02-01 00:25:26,4.0
2022-02-01 00:25:27,4.0
2022-02-01 00:25:28,4.0
2022-02-01 00:25:29,4.0
2022-02-01 00:25:30,4.0
2022-02-01 00:25:31,4.0
2022-02-01 00:25:32,4.0
2022-02-01 00:25:33,4.0
2022-02-01 00:25:34,4.0
2022-02-01 00:25:35,4.0
2022-02-01 00:25:36,4.0
2022-02-01 00:25:37,4.0
2022-02-01 00:25:38,4.0
2022-02-01 00:25:39,4.0
2022-02-01 00:25:40,4.0
2022-02-01 00:25:41,4.0
2022-02-01 00:25:42,4.0
2022-02-01 00:25:43,4.0
2022-02-01 00:25:44,4.0
2022-02-01 00:25:45,4.0
2022-02-01 00:25:46,4.0
2022-02-01 00:25:47,4.0
2022-02-01 00:25:48,3.0
2022-02-01 00:25:49,3.0
2022-02-01 00:25:50,3.0
2022-02-01 00:25:51,3.0
2022-02-01 00:25:52,3.0
2022-02-01 00:25:53,3.0
2022-02-01 00:25:54,3.0
2022-02-01 00:25:55,3.0
2022-02-01 00:25:56,3.0
2022-02-01 00:25:57,3.0
2022-02-01 00:25:58,3.0
2022-02-01 00:25:59,3.0
2022-02-01 00:26:00,3.0
2022-02-01 00:26:01,3.0
2022-02-01 00:26:02,3.0
2022-02-01 00:26:03,3.0
2022-02-01 00:26:04,3.0
2022-02-01 00:26:05,3.0
2022-02-01 00:26:06,3.0
2022-02-01 00:26:07,3.0
2022-02-01 00:26:08,3.0
2022-02-01 00:26:09,3.0
2022-02-01 00:26:10,3.0
2022-02-01 00:26:11,3.0
2022-02-01 00:26:12,5.0
2022-02-01 00:26:13,5.0
2022-02-01 00:26:14,5.0
2022-02-01 00:26:15,5.0
2022-02-01 00:26:16,5.0
2022-02-01 00:26:17,5.0
2022-02-01 00:26:18,5.0
2022-02-01 00:26:19,5.0
2022-02-01 00:26:20,5.0
2022-02-01 00:26:21,5.0
2022-02-01 00:26:22,5.0
2022-02-01 00:26:23,5.0
2022-02-01 00:26:24,5.0
2022-02-01 00:26:25,5.0
2022-02-01 00:26:26,5.0
2022-02-01 00:26:27,5.0
2022-02-01 00:26:28,5.0
2022-02-01 00:26:29,5.0
2022-02-01 00:26:30,5.0
2022-02-01 00:26:31,5.0
2022-02-01 00:26:32,5.0
2022-02-01 00:26:33,5.0
2022-02-01 00:26:34,5.0
2022-02-01 00:26:35,5.0
2022-02-01 00:26:36,5.0
2022-02-01 00:26:37,5.0
2022-02-01 00:26:38,5.0
2022-02-01 00:26:39,5.0
2022-02-01 00:26:40,5.0
2022-02-01 00:26:41,5.0
2022-02-01 00:26:42,5.0
2022-02-01 00:26:43,5.0
2022-02-01 00:26:44,5.0
2022-02-01 00:26:45,0.0
2022-02-01 00:26:46,0.0
2022-02-01 00:26:47,0.0
2022-02-01 00:26:48,0.0
2022-02-01 00:26:49,0.0
2022-02-01 00:26:50,0.0
2022-02-01 00:26:51,0.0
2022-02-01 00:26:52,0.0
2022-02-01 00:26:53,0.0
2022-02-01 00:26:54,0.0
2022-02-01 00:26:55,0.0
2022-02-01 00:26:56,0.0
2022-02-01 00:26:57,0.0
2022-02-01 00:26:58,0.0
2022-02-01 00:26:59,0.0
2022-02-01 00:27:00,0.0
2022-02-01 00:27:01,0.0
2022-02-01 00:27:02,0.0
2022-02-01 00:27:03,0.0
2022-02-01 00:27:04,0.0
2022-02-01 00:27:05,0.0
2022-02-01 00:27:06,0.0
2022-02-01 00:27:07,0.0
2022-02-01 00:27:08,0.0
2022-02-01 00:27:09,0.0
2022-02-01 00:27:10,0.0
2022-02-01 00:27:11,0.0
2022-02-01 00:27:12,0.0
2022-02-01 00:27:13,0.0
2022-02-01 00:27:14,0.0
2022-02-01 00:27:15,2.0
2022-02-01 00:27:16,2.0
2022-02-01 00:27:17,2.0
2022-02-01 00:27:18,2.0
2022-02-01 00:27:19,2.0
2022-02-01 00:27:20,2.0
2022-02-01 00:27:21,2.0
2022-02-01 00:27:22,2.0
2022-02-01 00:27:23,2.0
2022-02-01 00:27:24,2.0
2022-02-01 00:27:25,2.0
2022-02-01 00:27:26,2.0
2022-02-01 00:27:27,2.0
2022-02-01 00:27:28,2.0
2022-02-01 00:27:29,2.0
2022-02-01 00:27:30,2.0
2022-02-01 00:27:31,2.0
2022-02-01 00:27:32,2.0
2022-02-01 00:27:33,2.0
2022-02-01 00:27:34,2.0
2022-02-01 00:27:35,2.0
2022-02-01 00:27:36,2.0
2022-02-01 00:27:37,2.0
2022-02-01 00:27:38,2.0
2022-02-01 00:27:39,2.0
2022-02-01 00:27:40,2.0
2022-02-01 00:27:41,2.0
2022-02-01 00:27:42,1.0
2022-02-01 00:27:43,1.0
2022-02-01 00:27:44,1.0
2022-02-01 00:27:45,1.0
2022-02-01 00:27:46,1.0
2022-02-01 00:27:47,1.0
2022-02-01 00:27:48,1.0
2022-02-01 00:27:49,1.0
2022-02-01 00:27:50,1.0
2022-02-01 00:27:51,1.0
2022-02-01 00:27:52,1.0
2022-02-01 00:27:53,1.0
2022-02-01 00:27:54,1.0
2022-02-01 00:27:55,1.0
2022-02-01 00:27:56,1.0
2022-02-01 00:27:57,1.0
2022-02-01 00:27:58,1.0
2022-02-01 00:27:59,1.0
2022-02-01 00:28:00,1.0
2022-02-01 00:28:01,1.0
2022-02-01 00:28:02,1.0
2022-02-01 00:28:03,1.0
2022-02-01 00:28:04,1.0
2022-02-01 00:28:05,1.0
2022-02-01 00:28:06,1.0
2022-02-01 00:28:07,1.0
2022-02-01 00:28:08,1.0
2022-02-01 00:28:09,1.0
2022-02-01 00:28:10,1.0
2022-02-01 00:28:11,1.0
2022-02-01 00:28:12,1.0
2022-02-01 00:28:13,4.0
2022-02-01 00:28:14,4.0
2022-02-01 00:28:15,4.0
2022-02-01 00:28:16,4.0
2022-02-01 00:28:17,4.0
2022-02-01 00:28:18,4.0
2022-02-01 00:28:19,4.0
2022-02-01 00:28:20,4.0
2022-02-01 00:28:21,4.0
2022-02-01 00:28:22,4.0
2022-02-01 00:28:23,4.0
2022-02-01 00:28:24,4.0
2022-02-01 00:28:25,4.0
2022-02-01 00:28:26,4.0
2022-02-01 00:28:27,4.0
2022-02-01 00:28:28,4.0
2022-02-01 00:28:29,4.0
2022-02-01 00:28:30,4.0
2022-02-01 00:28:31,4.0
2022-02-01 00:28:32,4.0
2022-02-01 00:28:33,4.0
2022-02-01 00:28:34,4.0
2022-02-01 00:28:35,4.0
2022-02-01 00:28:36,4.0
2022-02-01 00:28:37,4.0
2022-02-01 00:28:38,4.0
2022-02-01 00:28:39,4.0
2022-02-01 00:28:40,4.0
2022-02-01 00:28:41,4.0
2022-02-01 00:28:42,4.0
2022-02-01 00:28:43,3.0
2022-02-01 00:28:44,3.0
2022-02-01 00:28:45,3.0
2022-02-01 00:28:46,3.0
2022-02-01 00:28:47,3.0
2022-02-01 00:28:48,3.0
2022-02-01 00:28:49,3.0
2022-02-01 00:28:50,3.0
2022-02-01 00:28:51,3.0
2022-02-01 00:28:52,3.0
2022-02-01 00:28:53,3.0
2022-02-01 00:28:54,3.0
2022-02-01 00:28:55,3.0
2022-02-01 00:28:56,3.0
2022-02-01 00:28:57,3.0
2022-02-01 00:28:58,3.0
2022-02-01 00:28:59,3.0
2022-02-01 00:29:00,3.0
2022-02-01 00:29:01,3.0
2022-02-01 00:29:02,3.0
2022-02-01 00:29:03,3.0
2022-02-01 00:29:04,3.0
2022-02-01 00:29:05,3.0
2022-02-01 00:29:06,3.0
2022-02-01 00:29:07,3.0
2022-02-01 00:29:08,5.0
2022-02-01 00:29:09,5.0
2022-02-01 00:29:10,5.0
2022-02-01 00:29:11,5.0
2022-02-01 00:29:12,5.0
2022-02-01 00:29:13,5.0
2022-02-01 00:29:14,5.0
2022-02-01 00:29:15,5.0
2022-02-01 00:29:16,5.0
2022-02-01 00:29:17,5.0
2022-02-01 00:29:18,5.0
2022-02-01 00:29:19,5.0
2022-02-01 00:29:20,5.0
2022-02-01 00:29:21,5.0
2022-02-01 00:29:22,5.0
2022-02-01 00:29:23,5.0
2022-02-01 00:29:24,5.0
2022-02-01 00:29:25,5.0
2022-02-01 00:29:26,5.0
2022-02-01 00:29:27,5.0
2022-02-01 00:29:28,5.0
2022-02-01 00:29:29,5.0
2022-02-01 00:29:30,5.0
2022-02-01 00:29:31,5.0
2022-02-01 00:29:32,5.0
2022-02-01 00:29:33,5.0
2022-02-01 00:29:34,5.0
2022-02-01 00:29:35,5.0
2022-02-01 00:29:36,5.0
2022-02-01 00:29:37,0.0
2022-02-01 00:29:38,0.0
2022-02-01 00:29:39,0.0
2022-02-01 00:29:40,0.0
2022-02-01 00:29:41,0.0
2022-02-01 00:29:42,0.0
2022-02-01 00:29:43,0.0
2022-02-01 00:29:44,0.0
2022-02-01 00:29:45,0.0
2022-02-01 00:29:46,0.0
2022-02-01 00:29:47,0.0
2022-02-01 00:29:48,0.0
2022-02-01 00:29:49,0.0
2022-02-01 00:29:50,0.0
2022-02-01 00:29:51,0.0
2022-02-01 00:29:52,0.0
2022-02-01 00:29:53,0.0
2022-02-01 00:29:54,0.0
2022-02-01 00:29:55,0.0
2022-02-01 00:29:56,0.0
2022-02-01 00:29:57,0.0
2022-02-01 00:29:58,0.0
2022-02-01 00:29:59,0.0
2022-02-01 00:30:00,0.0
2022-02-01 00:30:01,0.0
2022-02-01 00:30:02,0.0
2022-02-01 00:30:03,0.0
2022-02-01 00:30:04,2.0
2022-02-01 00:30:05,2.0
2022-02-01 00:30:06,2.0
2022-02-01 00:30:07,2.0
2022-02-01 00:30:08,2.0
2022-02-01 00:30:09,2.0
2022-02-01 00:30:10,2.0
2022-02-01 00:30:11,2.0
2022-02-01 00:30:12,2.0
2022-02-01 00:30:13,2.0
2022-02-01 00:30:14,2.0
2022-02-01 00:30:15,2.0
2022-02-01 00:30:16,2.0
2022-02-01 00:30:17,2.0
2022-02-01 00:30:18,2.0
2022-02-01 00:30:19,2.0
2022-02-01 00:30:20,2.0
2022-02-01 00:30:21,2.0
2022-02-01 00:30:22,2.0
2022-02-01 00:30:23,2.0
2022-02-01 00:30:24,1.0
2022-02-01 00:30:25,1.0
2022-02-01 00:30:26,1.0
2022-02-01 00:30:27,1.0
2022-02-01 00:30:28,1.0
2022-02-01 00:30:29,1.0
2022-02-01 00:30:30,1.0
2022-02-01 00:30:31,1.0
2022-02-01 00:30:32,1.0
2022-02-01 00:30:33,1.0
2022-02-01 00:30:34,1.0
2022-02-01 00:30:35,1.0
2022-02-01 00:30:36,1.0
2022-02-01 00:30:37,1.0
2022-02-01 00:30:38,1.0
2022-02-01 00:30:39,1.0
2022-02-01 00:30:40,1.0
2022-02-01 00:30:41,1.0
2022-02-01 00:30:42,1.0
2022-02-01 00:30:43,1.0
2022-02-01 00:30:44,1.0
2022-02-01 00:30:45,1.0
2022-02-01 00:30:46,1.0
2022-02-01 00:30:47,1.0
2022-02-01 00:30:48,4.0
2022-02-01 00:30:49,4.0
2022-02-01 00:30:50,4.0
2022-02-01 00:30:51,4.0
2022-02-01 00:30:52,4.0
2022-02-01 00:30:53,4.0
2022-02-01 00:30:54,4.0
2022-02-01 00:30:55,4.0
2022-02-01 00:30:56,4.0
2022-02-01 00:30:57,4.0
2022-02-01 00:30:58,4.0
2022-02-01 00:30:59,4.0
2022-02-01 00:31:00,4.0
2022-02-01 00:31:01,4.0
2022-02-01 00:31:02,4.0
2022-02-01 00:31:03,4.0
2022-02-01 00:31:04,4.0
2022-02-01 00:31:05,4.0
2022-02-01 00:31:06,4.0
2022-02-01 00:31:07,4.0
2022-02-01 00:31:08,4.0
2022-02-01 00:31:09,4.0
2022-02-01 00:31:10,4.0
2022-02-01 00:31:11,4.0
2022-02-01 00:31:12,4.0
2022-02-01 00:31:13,4.0
2022-02-01 00:31:14,4.0
2022-02-01 00:31:15,4.0
2022-02-01 00:31:16,4.0
2022-02-01 00:31:17,4.0
2022-02-01 00:31:18,4.0
2022-02-01 00:31:19,4.0
2022-02-01 00:31:20,4.0
2022-02-01 00:31:21,4.0
2022-02-01 00:31:22,4.0
2022-02-01 00:31:23,4.0
2022-02-01 00:31:24,4.0
2022-02-01 00:31:25,4.0
2022-02-01 00:31:26,4.0
2022-02-01 00:31:27,4.0
2022-02-01 00:31:28,3.0
2022-02-01 00:31:29,3.0
2022-02-01 00:31:30,3.0
2022-02-01 00:31:31,3.0
2022-02-01 00:31:32,3.0
2022-02-01 00:31:33,3.0
2022-02-01 00:31:34,3.0
2022-02-01 00:31:35,3.0
2022-02-01 00:31:36,3.0
2022-02-01 00:31:37,3.0
2022-02-01 00:31:38,3.0
2022-02-01 00:31:39,3.0
2022-02-01 00:31:40,3.0
2022-02-01 00:31:41,3.0
2022-02-01 00:31:42,3.0
2022-02-01 00:31:43,3.0
2022-02-01 00:31:44,3.0
2022-02-01 00:31:45,3.0
2022-02-01 00:31:46,3.0
2022-02-01 00:31:47,3.0
2022-02-01 00:31:48,3.0
2022-02-01 00:31:49,3.0
2022-02-01 00:31:50,3.0
2022-02-01 00:31:51,3.0
2022-02-01 00:31:52,3.0
2022-02-01 00:31:53,3.0
2022-02-01 00:31:54,3.0
2022-02-01 00:31:55,3.0
2022-02-01 00:31:56,3.0
2022-02-01 00:31:57,3.0
2022-02-01 00:31:58,5.0
2022-02-01 00:31:59,5.0
2022-02-01 00:32:00,5.0
2022-02-01 00:32:01,5.0
2022-02-01 00:32:02,5.0
2022-02-01 00:32:03,5.0
2022-02-01 00:32:04,5.0
2022-02-01 00:32:05,5.0
2022-02-01 00:32:06,5.0
2022-02-01 00:32:07,5.0
2022-02-01 00:32:08,5.0
2022-02-01 00:32:09,5.0
2022-02-01 00:32:10,5.0
2022-02-01 00:32:11,5.0
2022-02-01 00:32:12,5.0
2022-02-01 00:32:13,5.0
2022-02-01 00:32:14,5.0
2022-02-01 00:32:15,5.0
2022-02-01 00:32:16,5.0
2022-02-01 00:32:17,5.0
2022-02-01 00:32:18,5.0
2022-02-01 00:32:19,5.0
2022-02-01 00:32:20,5.0
2022-02-01 00:32:21,5.0
2022-02-01 00:32:22,5.0
2022-02-01 00:32:23,5.0
2022-02-01 00:32:24,5.0
2022-02-01 00:32:25,5.0
2022-02-01 00:32:26,5.0
2022-02-01 00:32:27,5.0
2022-02-01 00:32:28,5.0
2022-02-01 00:32:29,5.0
2022-02-01 00:32:30,0.0
2022-02-01 00:32:31,0.0
2022-02-01 00:32:32,0.0
2022-02-01 00:32:33,0.0
2022-02-01 00:32:34,0.0
2022-02-01 00:32:35,0.0
2022-02-01 00:32:36,0.0
2022-02-01 00:32:37,0.0
2022-02-01 00:32:38,0.0
2022-02-01 00:32:39,0.0
2022-02-01 00:32:40,0.0
2022-02-01 00:32:41,0.0
2022-02-01 00:32:42,0.0
2022-02-01 00:32:43,0.0
2022-02-01 00:32:44,0.0
2022-02-01 00:32:45,0.0
2022-02-01 00:32:46,0.0
2022-02-01 00:32:47,0.0
2022-02-01 00:32:48,0.0
2022-02-01 00:32:49,0.0
2022-02-01 00:32:50,0.0
2022-02-01 00:32:51,0.0
2022-02-01 00:32:52,0.0
2022-02-01 00:32:53,0.0
2022-02-01 00:32:54,0.0
2022-02-01 00:32:55,0.0
2022-02-01 00:32:56,0.0
2022-02-01 00:32:57,0.0
2022-02-01 00:32:58,0.0
2022-02-01 00:32:59,2.0
2022-02-01 00:33:00,2.0
2022-02-01 00:33:01,2.0
2022-02-01 00:33:02,2.0
2022-02-01 00:33:03,2.0
2022-02-01 00:33:04,2.0
2022-02-01 00:33:05,2.0
2022-02-01 00:33:06,2.0
2022-02-01 00:33:07,2.0
2022-02-01 00:33:08,2.0
2022-02-01 00:33:09,1.0
2022-02-01 00:33:10,1.0
2022-02-01 00:33:11,1.0
2022-02-01 00:33:12,1.0
2022-02-01 00:33:13,1.0
2022-02-01 00:33:14,1.0
2022-02-01 00:33:15,1.0
2022-02-01 00:33:16,1.0
2022-02-01 00:33:17,1.0
2022-02-01 00:33:18,1.0
2022-02-01 00:33:19,2.0
2022-02-01 00:33:20,2.0
2022-02-01 00:33:21,2.0
2022-02-01 00:33:22,2.0
2022-02-01 00:33:23,2.0
2022-02-01 00:33:24,2.0
2022-02-01 00:33:25,2.0
2022-02-01 00:33:26,2.0
2022-02-01 00:33:27,2.0
2022-02-01 00:33:28,1.0
2022-02-01 00:33:29,1.0
2022-02-01 00:33:30,1.0
2022-02-01 00:33:31,1.0
2022-02-01 00:33:32,1.0
2022-02-01 00:33:33,1.0
2022-02-01 00:33:34,1.0
2022-02-01 00:33:35,1.0
2022-02-01 00:33:36,1.0
2022-02-01 00:33:37,2.0
2022-02-01 00:33:38,2.0
2022-02-01 00:33:39,2.0
2022-02-01 00:33:40,2.0
2022-02-01 00:33:41,2.0
2022-02-01 00:33:42,2.0
2022-02-01 00:33:43,2.0
2022-02-01 00:33:44,2.0
2022-02-01 00:33:45,2.0
2022-02-01 00:33:46,1.0
2022-02-01 00:33:47,1.0
2022-02-01 00:33:48,1.0
2022-02-01 00:33:49,1.0
2022-02-01 00:33:50,1.0
2022-02-01 00:33:51,1.0
2022-02-01 00:33:52,1.0
2022-02-01 00:33:53,1.0
2022-02-01 00:33:54,1.0
2022-02-01 00:33:55,1.0
2022-02-01 00:33:56,4.0
2022-02-01 00:33:57,4.0
2022-02-01 00:33:58,4.0
2022-02-01 00:33:59,4.0
2022-02-01 00:34:00,4.0
2022-02-01 00:34:01,4.0
2022-02-01 00:34:02,4.0
2022-02-01 00:34:03,4.0
2022-02-01 00:34:04,4.0
2022-02-01 00:34:05,4.0
2022-02-01 00:34:06,4.0
2022-02-01 00:34:07,4.0
2022-02-01 00:34:08,4.0
2022-02-01 00:34:09,4.0
2022-02-01 00:34:10,4.0
2022-02-01 00:34:11,4.0
2022-02-01 00:34:12,4.0
2022-02-01 00:34:13,4.0
2022-02-01 00:34:14,4.0
2022-02-01 00:34:15,4.0
2022-02-01 00:34:16,4.0
2022-02-01 00:34:17,4.0
2022-02-01 00:34:18,4.0
2022-02-01 00:34:19,4.0
2022-02-01 00:34:20,4.0
2022-02-01 00:34:21,4.0
2022-02-01 00:34:22,4.0
2022-02-01 00:34:23,4.0
2022-02-01 00:34:24,4.0
2022-02-01 00:34:25,4.0
2022-02-01 00:34:26,4.0
2022-02-01 00:34:27,4.0
2022-02-01 00:34:28,4.0
2022-02-01 00:34:29,3.0
2022-02-01 00:34:30,3.0
2022-02-01 00:34:31,3.0
2022-02-01 00:34:32,3.0
2022-02-01 00:34:33,3.0
2022-02-01 00:34:34,3.0
2022-02-01 00:34:35,3.0
2022-02-01 00:34:36,3.0
2022-02-01 00:34:37,3.0
2022-02-01 00:34:38,3.0
2022-02-01 00:34:39,3.0
2022-02-01 00:34:40,3.0
2022-02-01 00:34:41,3.0
2022-02-01 00:34:42,3.0
2022-02-01 00:34:43,3.0
2022-02-01 00:34:44,3.0
2022-02-01 00:34:45,3.0
2022-02-01 00:34:46,3.0
2022-02-01 00:34:47,3.0
2022-02-01 00:34:48,3.0
2022-02-01 00:34:49,3.0
2022-02-01 00:34:50,3.0
2022-02-01 00:34:51,3.0
2022-02-01 00:34:52,3.0
2022-02-01 00:34:53,3.0
2022-02-01 00:34:54,3.0
2022-02-01 00:34:55,3.0
2022-02-01 00:34:56,5.0
2022-02-01 00:34:57,5.0
2022-02-01 00:34:58,5.0
2022-02-01 00:34:59,5.0
2022-02-01 00:35:00,5.0
2022-02-01 00:35:01,5.0
2022-02-01 00:35:02,5.0
2022-02-01 00:35:03,5.0
2022-02-01 00:35:04,5.0
2022-02-01 00:35:05,5.0
2022-02-01 00:35:06,5.0
2022-02-01 00:35:07,5.0
2022-02-01 00:35:08,5.0
2022-02-01 00:35:09,5.0
2022-02-01 00:35:10,5.0
2022-02-01 00:35:11,5.0
2022-02-01 00:35:12,5.0
2022-02-01 00:35:13,5.0
2022-02-01 00:35:14,5.0
2022-02-01 00:35:15,5.0
2022-02-01 00:35:16,5.0
2022-02-01 00:35:17,5.0
2022-02-01 00:35:18,5.0
2022-02-01 00:35:19,5.0
2022-02-01 00:35:20,5.0
2022-02-01 00:35:21,5.0
2022-02-01 00:35:22,5.0
2022-02-01 00:35:23,5.0
2022-02-01 00:35:24,5.0
2022-02-01 00:35:25,5.0
2022-02-01 00:35:26,5.0
2022-02-01 00:35:27,5.0
2022-02-01 00:35:28,5.0
2022-02-01 00:35:29,0.0
2022-02-01 00:35:30,0.0
2022-02-01 00:35:31,0.0
2022-02-01 00:35:32,0.0
2022-02-01 00:35:33,0.0
2022-02-01 00:35:34,0.0
2022-02-01 00:35:35,0.0
2022-02-01 00:35:36,0.0
2022-02-01 00:35:37,0.0
2022-02-01 00:35:38,0.0
2022-02-01 00:35:39,0.0
2022-02-01 00:35:40,0.0
2022-02-01 00:35:41,0.0
2022-02-01 00:35:42,0.0
2022-02-01 00:35:43,0.0
2022-02-01 00:35:44,0.0
2022-02-01 00:35:45,0.0
2022-02-01 00:35:46,0.0
2022-02-01 00:35:47,0.0
2022-02-01 00:35:48,0.0
2022-02-01 00:35:49,0.0
2022-02-01 00:35:50,0.0
2022-02-01 00:35:51,0.0
2022-02-01 00:35:52,0.0
2022-02-01 00:35:53,0.0
2022-02-01 00:35:54,0.0
2022-02-01 00:35:55,0.0
2022-02-01 00:35:56,2.0
2022-02-01 00:35:57,2.0
2022-02-01 00:35:58,2.0
2022-02-01 00:35:59,2.0
2022-02-01 00:36:00,2.0
2022-02-01 00:36:01,2.0
2022-02-01 00:36:02,2.0
2022-02-01 00:36:03,2.0
2022-02-01 00:36:04,2.0
2022-02-01 00:36:05,2.0
2022-02-01 00:36:06,2.0
2022-02-01 00:36:07,2.0
2022-02-01 00:36:08,2.0
2022-02-01 00:36:09,2.0
2022-02-01 00:36:10,2.0
2022-02-01 00:36:11,2.0
2022-02-01 00:36:12,2.0
2022-02-01 00:36:13,2.0
2022-02-01 00:36:14,1.0
2022-02-01 00:36:15,1.0
2022-02-01 00:36:16,1.0
2022-02-01 00:36:17,1.0
2022-02-01 00:36:18,1.0
2022-02-01 00:36:19,1.0
2022-02-01 00:36:20,1.0
2022-02-01 00:36:21,1.0
2022-02-01 00:36:22,1.0
2022-02-01 00:36:23,1.0
2022-02-01 00:36:24,1.0
2022-02-01 00:36:25,1.0
2022-02-01 00:36:26,1.0
2022-02-01 00:36:27,1.0
2022-02-01 00:36:28,1.0
2022-02-01 00:36:29,1.0
2022-02-01 00:36:30,1.0
2022-02-01 00:36:31,1.0
2022-02-01 00:36:32,1.0
2022-02-01 00:36:33,1.0
2022-02-01 00:36:34,1.0
2022-02-01 00:36:35,1.0
2022-02-01 00:36:36,1.0
2022-02-01 00:36:37,1.0
2022-02-01 00:36:38,1.0
2022-02-01 00:36:39,1.0
2022-02-01 00:36:40,1.0
2022-02-01 00:36:41,1.0
2022-02-01 00:36:42,1.0
2022-02-01 00:36:43,2.0
2022-02-01 00:36:44,2.0
2022-02-01 00:36:45,2.0
2022-02-01 00:36:46,2.0
2022-02-01 00:36:47,2.0
2022-02-01 00:36:48,2.0
2022-02-01 00:36:49,2.0
2022-02-01 00:36:50,2.0
2022-02-01 00:36:51,2.0
2022-02-01 00:36:52,4.0
2022-02-01 00:36:53,4.0
2022-02-01 00:36:54,4.0
2022-02-01 00:36:55,4.0
2022-02-01 00:36:56,4.0
2022-02-01 00:36:57,4.0
2022-02-01 00:36:58,4.0
2022-02-01 00:36:59,4.0
2022-02-01 00:37:00,4.0
2022-02-01 00:37:01,4.0
2022-02-01 00:37:02,4.0
2022-02-01 00:37:03,4.0
2022-02-01 00:37:04,4.0
2022-02-01 00:37:05,4.0
2022-02-01 00:37:06,4.0
2022-02-01 00:37:07,4.0
2022-02-01 00:37:08,4.0
2022-02-01 00:37:09,4.0
2022-02-01 00:37:10,4.0
2022-02-01 00:37:11,4.0
2022-02-01 00:37:12,4.0
2022-02-01 00:37:13,4.0
2022-02-01 00:37:14,4.0
2022-02-01 00:37:15,4.0
2022-02-01 00:37:16,4.0
2022-02-01 00:37:17,4.0
2022-02-01 00:37:18,4.0
2022-02-01 00:37:19,4.0
2022-02-01 00:37:20,4.0
2022-02-01 00:37:21,4.0
2022-02-01 00:37:22,4.0
2022-02-01 00:37:23,4.0
2022-02-01 00:37:24,4.0
2022-02-01 00:37:25,4.0
2022-02-01 00:37:26,4.0
2022-02-01 00:37:27,4.0
2022-02-01 00:37:28,4.0
2022-02-01 00:37:29,4.0
2022-02-01 00:37:30,3.0
2022-02-01 00:37:31,3.0
2022-02-01 00:37:32,3.0
2022-02-01 00:37:33,3.0
2022-02-01 00:37:34,3.0
2022-02-01 00:37:35,3.0
2022-02-01 00:37:36,3.0
2022-02-01 00:37:37,3.0
2022-02-01 00:37:38,3.0
2022-02-01 00:37:39,3.0
2022-02-01 00:37:40,3.0
2022-02-01 00:37:41,3.0
2022-02-01 00:37:42,3.0
2022-02-01 00:37:43,3.0
2022-02-01 00:37:44,3.0
2022-02-01 00:37:45,3.0
2022-02-01 00:37:46,3.0
2022-02-01 00:37:47,3.0
2022-02-01 00:37:48,3.0
2022-02-01 00:37:49,3.0
2022-02-01 00:37:50,3.0
2022-02-01 00:37:51,3.0
2022-02-01 00:37:52,3.0
2022-02-01 00:37:53,3.0
2022-02-01 00:37:54,3.0
2022-02-01 00:37:55,3.0
2022-02-01 00:37:56,3.0
2022-02-01 00:37:57,3.0
2022-02-01 00:37:58,3.0
2022-02-01 00:37:59,3.0
2022-02-01 00:38:00,3.0
2022-02-01 00:38:01,3.0
2022-02-01 00:38:02,3.0
2022-02-01 00:38:03,3.0
2022-02-01 00:38:04,3.0
2022-02-01 00:38:05,3.0
2022-02-01 00:38:06,5.0
2022-02-01 00:38:07,5.0
2022-02-01 00:38:08,5.0
2022-02-01 00:38:09,5.0
2022-02-01 00:38:10,5.0
2022-02-01 00:38:11,5.0
2022-02-01 00:38:12,5.0
2022-02-01 00:38:13,5.0
2022-02-01 00:38:14,5.0
2022-02-01 00:38:15,5.0
2022-02-01 00:38:16,5.0
2022-02-01 00:38:17,5.0
2022-02-01 00:38:18,5.0
2022-02-01 00:38:19,5.0
2022-02-01 00:38:20,5.0
2022-02-01 00:38:21,5.0
2022-02-01 00:38:22,5.0
2022-02-01 00:38:23,5.0
2022-02-01 00:38:24,5.0
2022-02-01 00:38:25,5.0
2022-02-01 00:38:26,5.0
2022-02-01 00:38:27,5.0
2022-02-01 00:38:28,5.0
2022-02-01 00:38:29,5.0
2022-02-01 00:38:30,5.0
2022-02-01 00:38:31,5.0
2022-02-01 00:38:32,5.0
2022-02-01 00:38:33,5.0
2022-02-01 00:38:34,5.0
2022-02-01 00:38:35,5.0
2022-02-01 00:38:36,5.0
2022-02-01 00:38:37,0.0
2022-02-01 00:38:38,0.0
2022-02-01 00:38:39,0.0
2022-02-01 00:38:40,0.0
2022-02-01 00:38:41,0.0
2022-02-01 00:38:42,0.0
2022-02-01 00:38:43,0.0
2022-02-01 00:38:44,0.0
2022-02-01 00:38:45,0.0
2022-02-01 00:38:46,0.0
2022-02-01 00:38:47,0.0
2022-02-01 00:38:48,0.0
2022-02-01 00:38:49,0.0
2022-02-01 00:38:50,0.0
2022-02-01 00:38:51,0.0
2022-02-01 00:38:52,0.0
2022-02-01 00:38:53,0.0
2022-02-01 00:38:54,0.0
2022-02-01 00:38:55,0.0
2022-02-01 00:38:56,0.0
2022-02-01 00:38:57,0.0
2022-02-01 00:38:58,0.0
2022-02-01 00:38:59,0.0
2022-02-01 00:39:00,0.0
2022-02-01 00:39:01,0.0
2022-02-01 00:39:02,0.0
2022-02-01 00:39:03,0.0
2022-02-01 00:39:04,2.0
2022-02-01 00:39:05,2.0
2022-02-01 00:39:06,2.0
2022-02-01 00:39:07,2.0
2022-02-01 00:39:08,2.0
2022-02-01 00:39:09,2.0
2022-02-01 00:39:10,2.0
2022-02-01 00:39:11,2.0
2022-02-01 00:39:12,2.0
2022-02-01 00:39:13,2.0
2022-02-01 00:39:14,2.0
2022-02-01 00:39:15,2.0
2022-02-01 00:39:16,2.0
2022-02-01 00:39:17,2.0
2022-02-01 00:39:18,2.0
2022-02-01 00:39:19,2.0
2022-02-01 00:39:20,2.0
2022-02-01 00:39:21,2.0
2022-02-01 00:39:22,2.0
2022-02-01 00:39:23,2.0
2022-02-01 00:39:24,2.0
2022-02-01 00:39:25,2.0
2022-02-01 00:39:26,1.0
2022-02-01 00:39:27,1.0
2022-02-01 00:39:28,1.0
2022-02-01 00:39:29,1.0
2022-02-01 00:39:30,1.0
2022-02-01 00:39:31,1.0
2022-02-01 00:39:32,1.0
2022-02-01 00:39:33,1.0
2022-02-01 00:39:34,1.0
2022-02-01 00:39:35,1.0
2022-02-01 00:39:36,1.0
2022-02-01 00:39:37,1.0
2022-02-01 00:39:38,1.0
2022-02-01 00:39:39,1.0
2022-02-01 00:39:40,1.0
2022-02-01 00:39:41,1.0
2022-02-01 00:39:42,1.0
2022-02-01 00:39:43,1.0
2022-02-01 00:39:44,1.0
2022-02-01 00:39:45,1.0
2022-02-01 00:39:46,1.0
2022-02-01 00:39:47,1.0
2022-02-01 00:39:48,1.0
2022-02-01 00:39:49,1.0
2022-02-01 00:39:50,1.0
2022-02-01 00:39:51,1.0
2022-02-01 00:39:52,4.0
2022-02-01 00:39:53,4.0
2022-02-01 00:39:54,4.0
2022-02-01 00:39:55,4.0
2022-02-01 00:39:56,4.0
2022-02-01 00:39:57,4.0
2022-02-01 00:39:58,4.0
2022-02-01 00:39:59,4.0
2022-02-01 00:40:00,4.0
2022-02-01 00:40:01,4.0
2022-02-01 00:40:02,4.0
2022-02-01 00:40:03,4.0
2022-02-01 00:40:04,4.0
2022-02-01 00:40:05,4.0
2022-02-01 00:40:06,4.0
2022-02-01 00:40:07,4.0
2022-02-01 00:40:08,4.0
2022-02-01 00:40:09,4.0
2022-02-01 00:40:10,4.0
2022-02-01 00:40:11,4.0
2022-02-01 00:40:12,4.0
2022-02-01 00:40:13,4.0
2022-02-01 00:40:14,4.0
2022-02-01 00:40:15,4.0
2022-02-01 00:40:16,4.0
2022-02-01 00:40:17,4.0
2022-02-01 00:40:18,4.0
2022-02-01 00:40:19,4.0
2022-02-01 00:40:20,4.0
2022-02-01 00:40:21,4.0
2022-02-01 00:40:22,4.0
2022-02-01 00:40:23,4.0
2022-02-01 00:40:24,4.0
2022-02-01 00:40:25,4.0
2022-02-01 00:40:26,4.0
2022-02-01 00:40:27,3.0
2022-02-01 00:40:28,3.0
2022-02-01 00:40:29,3.0
2022-02-01 00:40:30,3.0
2022-02-01 00:40:31,3.0
2022-02-01 00:40:32,3.0
2022-02-01 00:40:33,3.0
2022-02-01 00:40:34,3.0
2022-02-01 00:40:35,3.0
2022-02-01 00:40:36,3.0
2022-02-01 00:40:37,3.0
2022-02-01 00:40:38,3.0
2022-02-01 00:40:39,3.0
2022-02-01 00:40:40,3.0
2022-02-01 00:40:41,3.0
2022-02-01 00:40:42,3.0
2022-02-01 00:40:43,3.0
2022-02-01 00:40:44,3.0
2022-02-01 00:40:45,3.0
2022-02-01 00:40:46,3.0
2022-02-01 00:40:47,3.0
2022-02-01 00:40:48,3.0
2022-02-01 00:40:49,3.0
2022-02-01 00:40:50,3.0
2022-02-01 00:40:51,3.0
2022-02-01 00:40:52,3.0
2022-02-01 00:40:53,3.0
2022-02-01 00:40:54,3.0
2022-02-01 00:40:55,3.0
2022-02-01 00:40:56,3.0
2022-02-01 00:40:57,5.0
2022-02-01 00:40:58,5.0
2022-02-01 00:40:59,5.0
2022-02-01 00:41:00,5.0
2022-02-01 00:41:01,5.0
2022-02-01 00:41:02,5.0
2022-02-01 00:41:03,5.0
2022-02-01 00:41:04,5.0
2022-02-01 00:41:05,5.0
2022-02-01 00:41:06,5.0
2022-02-01 00:41:07,5.0
2022-02-01 00:41:08,5.0
2022-02-01 00:41:09,5.0
2022-02-01 00:41:10,5.0
2022-02-01 00:41:11,5.0
2022-02-01 00:41:12,5.0
2022-02-01 00:41:13,5.0
2022-02-01 00:41:14,5.0
2022-02-01 00:41:15,5.0
2022-02-01 00:41:16,5.0
2022-02-01 00:41:17,5.0
2022-02-01 00:41:18,5.0
2022-02-01 00:41:19,5.0
2022-02-01 00:41:20,5.0
2022-02-01 00:41:21,5.0
2022-02-01 00:41:22,5.0
2022-02-01 00:41:23,5.0
2022-02-01 00:41:24,5.0
2022-02-01 00:41:25,5.0
2022-02-01 00:41:26,5.0
2022-02-01 00:41:27,5.0
2022-02-01 00:41:28,5.0
2022-02-01 00:41:29,5.0
2022-02-01 00:41:30,5.0
2022-02-01 00:41:31,5.0
2022-02-01 00:41:32,5.0
2022-02-01 00:41:33,5.0
2022-02-01 00:41:34,0.0
2022-02-01 00:41:35,0.0
2022-02-01 00:41:36,0.0
2022-02-01 00:41:37,0.0
2022-02-01 00:41:38,0.0
2022-02-01 00:41:39,0.0
2022-02-01 00:41:40,0.0
2022-02-01 00:41:41,0.0
2022-02-01 00:41:42,0.0
2022-02-01 00:41:43,0.0
2022-02-01 00:41:44,0.0
2022-02-01 00:41:45,0.0
2022-02-01 00:41:46,0.0
2022-02-01 00:41:47,0.0
2022-02-01 00:41:48,0.0
2022-02-01 00:41:49,0.0
2022-02-01 00:41:50,0.0
2022-02-01 00:41:51,0.0
2022-02-01 00:41:52,0.0
2022-02-01 00:41:53,0.0
2022-02-01 00:41:54,0.0
2022-02-01 00:41:55,0.0
2022-02-01 00:41:56,0.0
2022-02-01 00:41:57,0.0
2022-02-01 00:41:58,2.0
2022-02-01 00:41:59,2.0
2022-02-01 00:42:00,2.0
2022-02-01 00:42:01,2.0
2022-02-01 00:42:02,2.0
2022-02-01 00:42:03,2.0
2022-02-01 00:42:04,2.0
2022-02-01 00:42:05,2.0
2022-02-01 00:42:06,2.0
2022-02-01 00:42:07,2.0
2022-02-01 00:42:08,2.0
2022-02-01 00:42:09,2.0
2022-02-01 00:42:10,2.0
2022-02-01 00:42:11,2.0
2022-02-01 00:42:12,2.0
2022-02-01 00:42:13,2.0
2022-02-01 00:42:14,2.0
2022-02-01 00:42:15,2.0
2022-02-01 00:42:16,2.0
2022-02-01 00:42:17,2.0
2022-02-01 00:42:18,2.0
2022-02-01 00:42:19,2.0
2022-02-01 00:42:20,2.0
2022-02-01 00:42:21,1.0
2022-02-01 00:42:22,1.0
2022-02-01 00:42:23,1.0
2022-02-01 00:42:24,1.0
2022-02-01 00:42:25,1.0
2022-02-01 00:42:26,1.0
2022-02-01 00:42:27,1.0
2022-02-01 00:42:28,1.0
2022-02-01 00:42:29,1.0
2022-02-01 00:42:30,1.0
2022-02-01 00:42:31,1.0
2022-02-01 00:42:32,1.0
2022-02-01 00:42:33,1.0
2022-02-01 00:42:34,1.0
2022-02-01 00:42:35,1.0
2022-02-01 00:42:36,1.0
2022-02-01 00:42:37,1.0
2022-02-01 00:42:38,1.0
2022-02-01 00:42:39,1.0
2022-02-01 00:42:40,1.0
2022-02-01 00:42:41,1.0
2022-02-01 00:42:42,1.0
2022-02-01 00:42:43,1.0
2022-02-01 00:42:44,1.0
2022-02-01 00:42:45,1.0
2022-02-01 00:42:46,4.0
2022-02-01 00:42:47,4.0
2022-02-01 00:42:48,4.0
2022-02-01 00:42:49,4.0
2022-02-01 00:42:50,4.0
2022-02-01 00:42:51,4.0
2022-02-01 00:42:52,4.0
2022-02-01 00:42:53,4.0
2022-02-01 00:42:54,4.0
2022-02-01 00:42:55,4.0
2022-02-01 00:42:56,4.0
2022-02-01 00:42:57,4.0
2022-02-01 00:42:58,4.0
2022-02-01 00:42:59,4.0
2022-02-01 00:43:00,4.0
2022-02-01 00:43:01,4.0
2022-02-01 00:43:02,4.0
2022-02-01 00:43:03,4.0
2022-02-01 00:43:04,4.0
2022-02-01 00:43:05,4.0
2022-02-01 00:43:06,4.0
2022-02-01 00:43:07,4.0
2022-02-01 00:43:08,4.0
2022-02-01 00:43:09,4.0
2022-02-01 00:43:10,4.0
2022-02-01 00:43:11,4.0
2022-02-01 00:43:12,4.0
2022-02-01 00:43:13,4.0
2022-02-01 00:43:14,4.0
2022-02-01 00:43:15,4.0
2022-02-01 00:43:16,4.0
2022-02-01 00:43:17,4.0
2022-02-01 00:43:18,4.0
2022-02-01 00:43:19,3.0
2022-02-01 00:43:20,3.0
2022-02-01 00:43:21,3.0
2022-02-01 00:43:22,3.0
2022-02-01 00:43:23,3.0
2022-02-01 00:43:24,3.0
2022-02-01 00:43:25,3.0
2022-02-01 00:43:26,3.0
2022-02-01 00:43:27,3.0
2022-02-01 00:43:28,3.0
2022-02-01 00:43:29,3.0
2022-02-01 00:43:30,3.0
2022-02-01 00:43:31,3.0
2022-02-01 00:43:32,3.0
2022-02-01 00:43:33,3.0
2022-02-01 00:43:34,3.0
2022-02-01 00:43:35,3.0
2022-02-01 00:43:36,3.0
2022-02-01 00:43:37,3.0
2022-02-01 00:43:38,3.0
2022-02-01 00:43:39,3.0
2022-02-01 00:43:40,3.0
2022-02-01 00:43:41,3.0
2022-02-01 00:43:42,3.0
2022-02-01 00:43:43,3.0
2022-02-01 00:43:44,3.0
2022-02-01 00:43:45,3.0
2022-02-01 00:43:46,3.0
2022-02-01 00:43:47,3.0
2022-02-01 00:43:48,3.0
2022-02-01 00:43:49,3.0
2022-02-01 00:43:50,3.0
2022-02-01 00:43:51,3.0
2022-02-01 00:43:52,3.0
2022-02-01 00:43:53,5.0
2022-02-01 00:43:54,5.0
2022-02-01 00:43:55,5.0
2022-02-01 00:43:56,5.0
2022-02-01 00:43:57,5.0
2022-02-01 00:43:58,5.0
2022-02-01 00:43:59,5.0
2022-02-01 00:44:00,5.0
2022-02-01 00:44:01,5.0
2022-02-01 00:44:02,5.0
2022-02-01 00:44:03,5.0
2022-02-01 00:44:04,5.0
2022-02-01 00:44:05,5.0
2022-02-01 00:44:06,5.0
2022-02-01 00:44:07,5.0
2022-02-01 00:44:08,5.0
2022-02-01 00:44:09,5.0
2022-02-01 00:44:10,5.0
2022-02-01 00:44:11,5.0
2022-02-01 00:44:12,5.0
2022-02-01 00:44:13,5.0
2022-02-01 00:44:14,5.0
2022-02-01 00:44:15,5.0
2022-02-01 00:44:16,5.0
2022-02-01 00:44:17,5.0
2022-02-01 00:44:18,5.0
2022-02-01 00:44:19,5.0
2022-02-01 00:44:20,5.0
2022-02-01 00:44:21,5.0
2022-02-01 00:44:22,5.0
2022-02-01 00:44:23,5.0
2022-02-01 00:44:24,5.0
2022-02-01 00:44:25,5.0
2022-02-01 00:44:26,5.0
2022-02-01 00:44:27,5.0
2022-02-01 00:44:28,5.0
2022-02-01 00:44:29,0.0
2022-02-01 00:44:30,0.0
2022-02-01 00:44:31,0.0
2022-02-01 00:44:32,0.0
2022-02-01 00:44:33,0.0
2022-02-01 00:44:34,0.0
2022-02-01 00:44:35,0.0
2022-02-01 00:44:36,0.0
2022-02-01 00:44:37,0.0
2022-02-01 00:44:38,0.0
2022-02-01 00:44:39,0.0
2022-02-01 00:44:40,0.0
2022-02-01 00:44:41,0.0
2022-02-01 00:44:42,0.0
2022-02-01 00:44:43,0.0
2022-02-01 00:44:44,0.0
2022-02-01 00:44:45,0.0
2022-02-01 00:44:46,0.0
2022-02-01 00:44:47,0.0
2022-02-01 00:44:48,0.0
2022-02-01 00:44:49,0.0
2022-02-01 00:44:50,0.0
2022-02-01 00:44:51,0.0
2022-02-01 00:44:52,0.0
2022-02-01 00:44:53,0.0
2022-02-01 00:44:54,0.0
2022-02-01 00:44:55,0.0
2022-02-01 00:44:56,0.0
2022-02-01 00:44:57,2.0
2022-02-01 00:44:58,2.0
2022-02-01 00:44:59,2.0
2022-02-01 00:45:00,2.0
2022-02-01 00:45:01,2.0
2022-02-01 00:45:02,2.0
2022-02-01 00:45:03,2.0
2022-02-01 00:45:04,2.0
2022-02-01 00:45:05,2.0
2022-02-01 00:45:06,2.0
2022-02-01 00:45:07,2.0
2022-02-01 00:45:08,2.0
2022-02-01 00:45:09,2.0
2022-02-01 00:45:10,2.0
2022-02-01 00:45:11,2.0
2022-02-01 00:45:12,2.0
2022-02-01 00:45:13,2.0
2022-02-01 00:45:14,2.0
2022-02-01 00:45:15,2.0
2022-02-01 00:45:16,2.0
2022-02-01 00:45:17,2.0
2022-02-01 00:45:18,2.0
2022-02-01 00:45:19,2.0
2022-02-01 00:45:20,2.0
2022-02-01 00:45:21,2.0
2022-02-01 00:45:22,2.0
2022-02-01 00:45:23,2.0
2022-02-01 00:45:24,1.0
2022-02-01 00:45:25,1.0
2022-02-01 00:45:26,1.0
2022-02-01 00:45:27,1.0
2022-02-01 00:45:28,1.0
2022-02-01 00:45:29,1.0
2022-02-01 00:45:30,1.0
2022-02-01 00:45:31,1.0
2022-02-01 00:45:32,1.0
2022-02-01 00:45:33,1.0
2022-02-01 00:45:34,1.0
2022-02-01 00:45:35,1.0
2022-02-01 00:45:36,1.0
2022-02-01 00:45:37,1.0
2022-02-01 00:45:38,1.0
2022-02-01 00:45:39,1.0
2022-02-01 00:45:40,1.0
2022-02-01 00:45:41,1.0
2022-02-01 00:45:42,1.0
2022-02-01 00:45:43,1.0
2022-02-01 00:45:44,1.0
2022-02-01 00:45:45,1.0
2022-02-01 00:45:46,1.0
2022-02-01 00:45:47,1.0
2022-02-01 00:45:48,1.0
2022-02-01 00:45:49,1.0
2022-02-01 00:45:50,1.0
2022-02-01 00:45:51,1.0
2022-02-01 00:45:52,1.0
2022-02-01 00:45:53,4.0
2022-02-01 00:45:54,4.0
2022-02-01 00:45:55,4.0
2022-02-01 00:45:56,4.0
2022-02-01 00:45:57,4.0
2022-02-01 00:45:58,4.0
2022-02-01 00:45:59,4.0
2022-02-01 00:46:00,4.0
2022-02-01 00:46:01,4.0
2022-02-01 00:46:02,4.0
2022-02-01 00:46:03,4.0
2022-02-01 00:46:04,4.0
2022-02-01 00:46:05,4.0
2022-02-01 00:46:06,4.0
2022-02-01 00:46:07,4.0
2022-02-01 00:46:08,4.0
2022-02-01 00:46:09,4.0
2022-02-01 00:46:10,4.0
2022-02-01 00:46:11,4.0
2022-02-01 00:46:12,4.0
2022-02-01 00:46:13,4.0
2022-02-01 00:46:14,4.0
2022-02-01 00:46:15,4.0
2022-02-01 00:46:16,4.0
2022-02-01 00:46:17,4.0
2022-02-01 00:46:18,4.0
2022-02-01 00:46:19,4.0
2022-02-01 00:46:20,4.0
2022-02-01 00:46:21,4.0
2022-02-01 00:46:22,4.0
2022-02-01 00:46:23,4.0
2022-02-01 00:46:24,4.0
2022-02-01 00:46:25,4.0
2022-02-01 00:46:26,4.0
2022-02-01 00:46:27,4.0
2022-02-01 00:46:28,4.0
2022-02-01 00:46:29,3.0
2022-02-01 00:46:30,3.0
2022-02-01 00:46:31,3.0
2022-02-01 00:46:32,3.0
2022-02-01 00:46:33,3.0
2022-02-01 00:46:34,3.0
2022-02-01 00:46:35,3.0
2022-02-01 00:46:36,3.0
2022-02-01 00:46:37,3.0
2022-02-01 00:46:38,3.0
2022-02-01 00:46:39,3.0
2022-02-01 00:46:40,3.0
2022-02-01 00:46:41,3.0
2022-02-01 00:46:42,3.0
2022-02-01 00:46:43,3.0
2022-02-01 00:46:44,3.0
2022-02-01 00:46:45,3.0
2022-02-01 00:46:46,3.0
2022-02-01 00:46:47,3.0
2022-02-01 00:46:48,3.0
2022-02-01 00:46:49,3.0
2022-02-01 00:46:50,3.0
2022-02-01 00:46:51,3.0
2022-02-01 00:46:52,3.0
2022-02-01 00:46:53,3.0
2022-02-01 00:46:54,3.0
2022-02-01 00:46:55,3.0
2022-02-01 00:46:56,3.0
2022-02-01 00:46:57,3.0
2022-02-01 00:46:58,3.0
2022-02-01 00:46:59,3.0
2022-02-01 00:47:00,3.0
2022-02-01 00:47:01,3.0
2022-02-01 00:47:02,3.0
2022-02-01 00:47:03,5.0
2022-02-01 00:47:04,5.0
2022-02-01 00:47:05,5.0
2022-02-01 00:47:06,5.0
2022-02-01 00:47:07,5.0
2022-02-01 00:47:08,5.0
2022-02-01 00:47:09,5.0
2022-02-01 00:47:10,5.0
2022-02-01 00:47:11,5.0
2022-02-01 00:47:12,5.0
2022-02-01 00:47:13,5.0
2022-02-01 00:47:14,5.0
2022-02-01 00:47:15,5.0
2022-02-01 00:47:16,5.0
2022-02-01 00:47:17,5.0
2022-02-01 00:47:18,5.0
2022-02-01 00:47:19,5.0
2022-02-01 00:47:20,5.0
2022-02-01 00:47:21,5.0
2022-02-01 00:47:22,5.0
2022-02-01 00:47:23,5.0
2022-02-01 00:47:24,5.0
2022-02-01 00:47:25,5.0
2022-02-01 00:47:26,5.0
2022-02-01 00:47:27,5.0
2022-02-01 00:47:28,5.0
2022-02-01 00:47:29,5.0
2022-02-01 00:47:30,5.0
2022-02-01 00:47:31,5.0
2022-02-01 00:47:32,5.0
2022-02-01 00:47:33,5.0
2022-02-01 00:47:34,5.0
2022-02-01 00:47:35,5.0
2022-02-01 00:47:36,5.0
2022-02-01 00:47:37,5.0
2022-02-01 00:47:38,5.0
2022-02-01 00:47:39,0.0
2022-02-01 00:47:40,0.0
2022-02-01 00:47:41,0.0
2022-02-01 00:47:42,0.0
2022-02-01 00:47:43,0.0
2022-02-01 00:47:44,0.0
2022-02-01 00:47:45,0.0
2022-02-01 00:47:46,0.0
2022-02-01 00:47:47,0.0
2022-02-01 00:47:48,0.0
2022-02-01 00:47:49,0.0
2022-02-01 00:47:50,0.0
2022-02-01 00:47:51,0.0
2022-02-01 00:47:52,0.0
2022-02-01 00:47:53,0.0
2022-02-01 00:47:54,0.0
2022-02-01 00:47:55,0.0
2022-02-01 00:47:56,0.0
2022-02-01 00:47:57,0.0
2022-02-01 00:47:58,0.0
2022-02-01 00:47:59,0.0
2022-02-01 00:48:00,0.0
2022-02-01 00:48:01,0.0
2022-02-01 00:48:02,0.0
2022-02-01 00:48:03,0.0
2022-02-01 00:48:04,0.0
2022-02-01 00:48:05,0.0
2022-02-01 00:48:06,0.0
2022-02-01 00:48:07,0.0
2022-02-01 00:48:08,0.0
2022-02-01 00:48:09,2.0
2022-02-01 00:48:10,2.0
2022-02-01 00:48:11,2.0
2022-02-01 00:48:12,2.0
2022-02-01 00:48:13,2.0
2022-02-01 00:48:14,2.0
2022-02-01 00:48:15,2.0
2022-02-01 00:48:16,2.0
2022-02-01 00:48:17,2.0
2022-02-01 00:48:18,2.0
2022-02-01 00:48:19,2.0
2022-02-01 00:48:20,2.0
2022-02-01 00:48:21,2.0
2022-02-01 00:48:22,2.0
2022-02-01 00:48:23,2.0
2022-02-01 00:48:24,2.0
2022-02-01 00:48:25,2.0
2022-02-01 00:48:26,2.0
2022-02-01 00:48:27,2.0
2022-02-01 00:48:28,1.0
2022-02-01 00:48:29,1.0
2022-02-01 00:48:30,1.0
2022-02-01 00:48:31,1.0
2022-02-01 00:48:32,1.0
2022-02-01 00:48:33,1.0
2022-02-01 00:48:34,1.0
2022-02-01 00:48:35,1.0
2022-02-01 00:48:36,1.0
2022-02-01 00:48:37,1.0
2022-02-01 00:48:38,1.0
2022-02-01 00:48:39,1.0
2022-02-01 00:48:40,1.0
2022-02-01 00:48:41,1.0
2022-02-01 00:48:42,1.0
2022-02-01 00:48:43,1.0
2022-02-01 00:48:44,1.0
2022-02-01 00:48:45,1.0
2022-02-01 00:48:46,1.0
2022-02-01 00:48:47,1.0
2022-02-01 00:48:48,2.0
2022-02-01 00:48:49,2.0
2022-02-01 00:48:50,2.0
2022-02-01 00:48:51,2.0
2022-02-01 00:48:52,2.0
2022-02-01 00:48:53,2.0
2022-02-01 00:48:54,2.0
2022-02-01 00:48:55,2.0
2022-02-01 00:48:56,2.0
2022-02-01 00:48:57,1.0
2022-02-01 00:48:58,1.0
2022-02-01 00:48:59,1.0
2022-02-01 00:49:00,1.0
2022-02-01 00:49:01,1.0
2022-02-01 00:49:02,1.0
2022-02-01 00:49:03,1.0
2022-02-01 00:49:04,1.0
2022-02-01 00:49:05,1.0
2022-02-01 00:49:06,1.0
